01		Rodentologist	The condition is ``Birds that eat [rodent]'', not ``Birds that only eat [rodent]'', and the clarification text is ``Any bird with a [rodent] symbol. The bird may also eat other kinds of food.'' (These misprints were corrected in the third printing, and a corrected card is available in the update pack.)	Card update pack.
20220213		Rodentologist	Only birds showing the [rodent] symbol in their printed food cost count; a [wild] (any food) symbol, e.g. \textbf{American Crow}, does not count.	https://stonemaiergames.com/games/wingspan/rules/comment-page-42/#comment-50542
02a		Bewick's Wren	When using this bird's power to move this bird to another habitat, the action cube does not change habitats with it.	https://www.stonemaiergames.com/games/wingspan/rules/
20250319		Blue Grosbeak	\textbf{Common Myna}'s habitat restriction applies only to where it can be played, not to where it can move, so if it copies \textbf{Blue Grosbeak}'s power it may move out of the [grassland].	https://stonemaiergames.com/games/wingspan/rules/comment-page-73/#comment-117991
02a		Blue Grosbeak	When using this bird's power to move it to another habitat, the action cube does not change habitats with it.	https://www.stonemaiergames.com/games/wingspan/rules/
20200528		Blue Grosbeak	Both ``beak'' and ``head'' are on the \textbf{Anatomist} list, so birds such as \textbf{Blue Grosbeak} and \textbf{Loggerhead Shrike} count. ``Horn'' is not on the list, so \textbf{Horned Lark} does not count; follow the printed list strictly, including the additions in the expansion rulebooks.	https://stonemaiergames.com/games/wingspan/rules/comment-page-19/#comment-38985
20221228		Blue Grosbeak	\textbf{Blue Grosbeak}'s power may be used every time it is activated, as long as no other bird in its habitat is to its right; it may be moved again to a different habitat on a later turn.	https://stonemaiergames.com/games/wingspan/rules/comment-page-53/#comment-57712
02a		Chimney Swift	When using this bird's power to move this bird to another habitat, the action cube does not change habitats with it.	https://www.stonemaiergames.com/games/wingspan/rules/
02a		Common Nighthawk	When using this bird's power to move this bird to another habitat, the action cube does not change habitats with it.	https://www.stonemaiergames.com/games/wingspan/rules/
02a		Lincoln's Sparrow	When using this bird's power to move this bird to another habitat, the action cube does not change habitats with it.	https://www.stonemaiergames.com/games/wingspan/rules/
20220521a		Song Sparrow	This bird may move from any column, including the leftmost one, as long as there are no birds to the right of it in its row (Appendix, page 12).	https://stonemaiergames.com/games/wingspan/rules/comment-page-47/#comment-52690
02a		Song Sparrow	When using this bird's power to move it to another habitat, the action cube does not change habitats with it.	https://www.stonemaiergames.com/games/wingspan/rules/
20191007		Song Sparrow	For the \textbf{food cost of played birds} end-of-round goal, the clarification to count only 1 food for birds with a choice in their food cost refers to the ``/'' in food costs. \textbf{Song Sparrow} ([invertebrate]/[seed]/[fruit]) counts as 1, while \textbf{Fish Crow} ([fish]+[wild]) counts as 2.	https://stonemaiergames.com/games/wingspan/wingspan-european-expansion/comment-page-3/#comment-35257
02a		White-Crowned Sparrow	When using this bird's power to move this bird to another habitat, the action cube does not change habitats with it.	https://www.stonemaiergames.com/games/wingspan/rules/
02a		Yellow-Breasted Chat	When using this bird's power to move this bird to another habitat, the action cube does not change habitats with it.	https://www.stonemaiergames.com/games/wingspan/rules/
02b		Omnivore Specialist	The percentage on this bonus card should be 16\%. (This misprint was corrected in print by February 2020.)	https://www.stonemaiergames.com/games/wingspan/rules/
02c	Prairie		The word \textit{prairie} is a keyword for the \textbf{Cartographer} bonus card. (This omission was corrected in print by December 2019.)	https://www.stonemaiergames.com/games/wingspan/rules/
20200331		Cartographer	``Turkey'' does not count as a geography term for the \textbf{Cartographer} bonus card, and neither does ``turkey vulture'' (turkey vultures are named after the bird, not the country).	https://stonemaiergames.com/games/wingspan/rules/comment-page-14/#comment-37518
20240526		Cartographer	``Wood'' (singular) in a bird's name is not a geography term for the \textbf{Cartographer} bonus card, so birds such as \textbf{Wood Stork} and woodswallows do not count.	https://stonemaiergames.com/games/wingspan/rules/comment-page-69/#comment-69544
20241104		Cartographer	\textbf{Red Junglefowl} counts toward the \textbf{Cartographer} bonus card, since ``jungle'' appears in its name.	https://stonemaiergames.com/games/wingspan/wingspan-asia/comment-page-20/#comment-98217
02c		Cartographer	The only keywords that qualify a bird to count toward this bonus card are those listed thereon, including \textit{prairie} (which is printed on this bonus card only in newer printings), and those in the relevant sections of the expansion rulebooks.	https://www.stonemaiergames.com/games/wingspan/rules/
20201230a		Cartographer	\textbf{Cartographer} awards a flat bonus for the tier reached, not points per qualifying bird: at least 2 qualifying birds scores 3 points, at least 4 scores 7 points.	https://stonemaiergames.com/games/wingspan/rules/comment-page-29/#comment-43330
20200229		Cartographer	On this bonus card ``name'' refers only to the common name, not the scientific name.	https://www.boardgamegeek.com/thread/2379284/article/34170036#34170036
02d		Greater Prairie Chicken	This bird counts toward the \textbf{Cartographer} bonus card. (In early printings that bonus card did list include the keyword \textit{prairie}.)	https://www.stonemaiergames.com/games/wingspan/rules/
02e		Photographer	The 3-point bonus applies when there are 4--5 qualifying birds on your player mat, not 2--3. (This misprint was corrected in the third printing, and a corrected card is available in the update pack.)	https://www.stonemaiergames.com/games/wingspan/rules/
20230529		Photographer	\textbf{Baya Weaver} does not count toward the \textbf{Photographer} bonus card. That card looks for colors as words or as part of compound words, and ``Baya'' is its own word, not a compound of ``bay'' and ``a''.	https://stonemaiergames.com/games/wingspan/rules/comment-page-59/#comment-60794
20210401		Photographer	\textit{Rainbow} is not a color and does not count toward this bonus card.	https://stonemaiergames.com/games/wingspan/wingspan-oceania-expansion/comment-page-32/#comment-45517
20220521		Photographer	\textit{Redstart} and \textit{yellowthroat} both count toward this bonus card; a full list of qualifying colors appears on page 4 of the Appendix.	https://stonemaiergames.com/games/wingspan/rules/comment-page-47/#comment-52687
20191203b		Photographer	The only keywords that qualify a bird to count toward this bonus card are those listed thereon, those in the relevant sections of the expansion rulebooks (excluding \textit{honey} in the \textit{European Expansion} rulebook---see \textbf{Honey}), and \textit{violet}. (\textit{Violet} currently occurs only on the \textbf{Violet-Green Swallow}, which already contains another keyword for this bonus card.) Substrings of bird names that coincide with color names do not count toward this bonus when not referring to colors (e.g., the \textit{red} in \textbf{Barred Owl}), but see \textbf{Northern Bobwhite}.	https://www.facebook.com/groups/wingspanboardgame/permalink/373729773330631/?comment_id=373775476659394&reply_comment_id=373779623325646
20220610		Photographer	The point values on this bonus card are totals, not per-bird: if you have the number of qualifying birds shown, you gain that number of points in total.	https://stonemaiergames.com/games/wingspan/rules/comment-page-47/#comment-53061
20200229		Photographer	On this bonus card ``name'' refers only to the common name, not the scientific name.	https://www.boardgamegeek.com/thread/2379284/article/34170036#34170036
02f		Spotted Sandpiper	This bird is worth 5 points, not 4. (This misprint was corrected in the third printing, and a corrected card is available in the update pack.)	https://www.stonemaiergames.com/games/wingspan/rules/
02g	Rerolling dice		Regular reroll rules apply whenever you have the opportunity to gain food from the birdfeeder.	https://www.stonemaiergames.com/games/wingspan/rules/
03a	Powers		Only powers of birds played on a player mat can be used. In particular, birds with the power ``This bird counts double toward the end-of-round goal, if it qualifies for the goal." (e.g., \textbf{Cetti's Warbler}) does not count double toward the \textbf{[card] in hand} end-of-round goal.	https://www.stonemaiergames.com/games/wingspan/wingspan-european-expansion/
20230827a		Common Blackbird	Although \textbf{Common Blackbird} is placed sideways and covers 2 [forest] spaces, playing it still only allows you to place 1 duet token on the duet map.	https://stonemaiergames.com/games/wingspan/rules/comment-page-60/#comment-62533
03b		Common Blackbird	If a bird (e.g., \textbf{Common Buzzard}) is played on top of this one, the top bird is also placed horizontally and occupies both columns.	https://www.stonemaiergames.com/games/wingspan/wingspan-european-expansion/
20201104		Common Blackbird	The \textbf{white \& no powers} end-of-round goal counts both birds with ``when played'' powers (white cards, e.g. \textbf{Common Blackbird}) and birds with no powers at all (e.g. \textbf{American Woodcock}, \textbf{Wild Turkey}). \textbf{Common Blackbird}, though placed sideways across 2 [forest] spaces, still counts as only 1 bird for goals and bonus cards that count birds.	https://stonemaiergames.com/games/wingspan/rules/comment-page-26/#comment-42388
20200405		Common Buzzard	\textbf{Common Buzzard} counts toward the \textbf{Falconer} bonus card despite the specification of brown powers in that bonus card's entry in the Appendix.	https://www.boardgamegeek.com/thread/2153031/article/34459426#34459426
03b		Common Buzzard	If \textbf{Common Buzzard} is played on top of a horizontal bird (e.g., \textbf{Common Blackbird}), it is also placed horizontally and occupies both columns.	https://www.stonemaiergames.com/games/wingspan/wingspan-european-expansion/
2020022b		Common Buzzard	In games where the Automa has drawn the \textbf{Citizen Scientist} bonus card, this bird qualifies for that bonus card.	https://www.facebook.com/groups/wingspanboardgame/permalink/507078829995724/?comment_id=507188399984767
20200405		Eurasian Hobby	\textbf{Eurasian Hobby} counts toward the \textbf{Falconer} bonus card despite the specification of brown powers in that bonus card's entry in the Appendix.	https://www.boardgamegeek.com/thread/2153031/article/34459426#34459426
03b		Eurasian Hobby	If \textbf{Eurasian Hobby} is played on top of a horizontal bird (e.g., \textbf{Common Blackbird}), it is also placed horizontally and occupies both columns.	https://www.stonemaiergames.com/games/wingspan/wingspan-european-expansion/
2020022b		Eurasian Hobby	In games where the Automa has drawn the \textbf{Citizen Scientist} bonus card, this bird qualifies for that bonus card.	https://www.facebook.com/groups/wingspanboardgame/permalink/507078829995724/?comment_id=507188399984767
03b		European Roller	If a bird (e.g., \textbf{Common Buzzard}) is played on top of this one, the top bird is also placed horizontally and occupies both columns.	https://www.stonemaiergames.com/games/wingspan/wingspan-european-expansion/
03b		Grey Heron	If a bird (e.g., \textbf{Common Buzzard}) is played on top of \textbf{Grey Heron}, the top bird is also placed horizontally and occupies both columns.	https://www.stonemaiergames.com/games/wingspan/wingspan-european-expansion/
20220830		Grey Heron	\textbf{Grey Heron} fills two [wetland] spaces and helps fill two columns, but it still counts as only a single bird (e.g., for the \textbf{birds in one row} end-of-round goal) and counts once toward goals and scoring that count birds in a habitat.	https://stonemaiergames.com/games/wingspan/rules/comment-page-49/#comment-54635
20201011		Long-Tailed Tit	When scoring the \textbf{Site Selection Expert} bonus card, \textbf{Long-Tailed Tit}'s [star] nest can count as a different nest type in each of the two columns it occupies.	https://www.boardgamegeek.com/thread/2519302/article/36010930#36010930
03b		Long-Tailed Tit	If a bird (e.g., \textbf{Common Buzzard}) is played on top of this one, the top bird is also placed horizontally and occupies both columns.	https://www.stonemaiergames.com/games/wingspan/wingspan-european-expansion/
03c		Montagu's Harrier	Even when using this bird's power to play it on top of another bird, this bird may only be played in [grassland].	https://www.stonemaiergames.com/games/wingspan/wingspan-european-expansion/
03b		Montagu's Harrier	If this bird is played on top of a horizontal one (e.g., \textbf{Common Blackbird}), it is also placed horizontally and occupies both columns.	https://www.stonemaiergames.com/games/wingspan/wingspan-european-expansion/
20200405		Montagu's Harrier	This bird counts toward the \textbf{Falconer} bonus card despite the specification of brown powers in that bonus card's entry in the Appendix.	https://www.boardgamegeek.com/thread/2153031/article/34459426#34459426
2020022b		Montagu's Harrier	In games where the Automa has drawn the \textbf{Citizen Scientist} bonus card, this bird qualifies for that bonus card.	https://www.facebook.com/groups/wingspanboardgame/permalink/507078829995724/?comment_id=507188399984767
20260324		Red Kite	With \textbf{Garden Warbler}, the additional bird is played first and completely, including its own ``when played'' power, and only then is 1 [egg] laid on both birds. If the additional bird is \textbf{Red Kite} (or a similar bird) played on top of \textbf{Garden Warbler}, turning \textbf{Garden Warbler} into a tucked card, the egg laying still takes place.	https://stonemaiergames.com/games/wingspan/rules/comment-page-80/#comment-151361
20240714a		Red Kite	Playing \textbf{Red Kite} on top of another bird in a player's [grassland] still counts as playing a bird in that habitat, so it triggers \textbf{Horned Lark}.	https://stonemaiergames.com/games/wingspan/rules/comment-page-69/#comment-72064
03b		Red Kite	If this bird is played on top of a horizontal one (e.g., \textbf{Common Blackbird}), it is also placed horizontally and occupies both columns.	https://www.stonemaiergames.com/games/wingspan/wingspan-european-expansion/
20200405		Red Kite	This bird counts toward the \textbf{Falconer} bonus card despite the specification of brown powers in that bonus card's entry in the Appendix.	https://www.boardgamegeek.com/thread/2153031/article/34459426#34459426
2020022b		Red Kite	In games where the Automa has drawn the \textbf{Citizen Scientist} bonus card, this bird qualifies for that bonus card.	https://www.facebook.com/groups/wingspanboardgame/permalink/507078829995724/?comment_id=507188399984767
20190117		Great Crested Flycatcher	When using this bird's power, if all [die] in the birdfeeder show the same face you may reroll before taking food.	https://www.stonemaiergames.com/games/wingspan/rules/#comment-30543
20190117		Indigo Bunting	When using this bird's power, if all [die] in the birdfeeder show the same face you may reroll before taking food.	https://www.stonemaiergames.com/games/wingspan/rules/#comment-30543
20190117		Rose-Breasted Grosbeak	When using this bird's power, if all [die] in the birdfeeder show the same face you may reroll before taking food.	https://www.stonemaiergames.com/games/wingspan/rules/#comment-30543
20190117		Western Tanager	When using this bird's power, if all [die] in the birdfeeder show the same face you may reroll before taking food.	https://www.stonemaiergames.com/games/wingspan/rules/#comment-30543
20190122	Sets of [egg][egg][egg] in [forest][grassland][wetland]		A player's score for this goal tile is the minimum of the counts of eggs in each of their habitats.	https://www.boardgamegeek.com/thread/2134349/article/31052545#31052545
20210199a		Gray Catbird	When \textbf{Gray Catbird} repeats the power of a bird with a ``copy'' power (e.g., the \textbf{Superb Lyrebird}), it repeats the copying power printed on that bird and not any powers that bird copied earlier in the turn.	https://www.facebook.com/groups/wingspanboardgame/permalink/714240602612878/?comment_id=714367625933509&reply_comment_id=715341599169445
20190127		Gray Catbird	\textbf{Gray Catbird} may repeat the brown power of any bird in the habitat, whether it is to the left or right.	https://www.boardgamegeek.com/thread/2139859/article/31096068#31096068
20210199a		Hooded Merganser	\textbf{Hooded Merganser} cannot copy the power of a bird with a ``copy'' power that is not a predator power, even if that bird copied a predator power earlier in the turn.	https://www.facebook.com/groups/wingspanboardgame/permalink/714240602612878/?comment_id=714367625933509&reply_comment_id=715341599169445
20220307		Hooded Merganser	When a bird power refers to a characteristic of other birds, only birds currently on your player mat are applicable, not birds in your hand or elsewhere, unless the power specifically says otherwise (such as a power that looks at the top card of the deck). \textbf{Hooded Merganser} therefore repeats the power of a bird with the [predator] icon already played in its habitat, and a bird whose power it repeats may also be activated in its own right during the same turn as the action cube moves along the row.	https://stonemaiergames.com/games/wingspan/rules/comment-page-44/#comment-51041
20190127		Hooded Merganser	\textbf{Hooded Merganser} activates another bird's brown power, and it may activate a bird's power regardless of whether that bird is to the left or right of it.	https://www.boardgamegeek.com/thread/2139859/article/31096068#31096068
20260111		Hooded Merganser	\textbf{Hooded Merganser}'s power is activated as a brown power, so it can only repeat another brown power -- specifically a [predator] power -- and the repeated bird must be in the same habitat.	https://europe.stonemaiergames.com/collections/wingspan-fan-designed-promo-packs
20230918		Northern Mockingbird	When \textbf{Northern Mockingbird} repeats the power of \textbf{Eurasian Nuthatch}, the [seed] gained is cached on \textbf{Northern Mockingbird} but cannot later be spent; it is only copying the power when activated, so the [seed] simply remains cached food worth 1 VP at the end of the game.	https://stonemaiergames.com/games/wingspan/rules/comment-page-61/#comment-63050
20240110		Northern Mockingbird	Copy powers act as if the copied text were printed on the copying bird. So if \textbf{Superb Lyrebird} copies the \textbf{Northern Mockingbird}'s power, you then repeat a brown power on another bird in \textbf{Superb Lyrebird}'s own habitat ([forest]).	https://stonemaiergames.com/games/wingspan/rules/comment-page-65/#comment-65976
20210199a		Northern Mockingbird	When \textbf{Northern Mockingbird} repeats the power of a bird with a ``copy'' power (e.g., the \textbf{Superb Lyrebird}), it repeats the copying power printed on that bird and not any powers that bird copied earlier in the turn.	https://www.facebook.com/groups/wingspanboardgame/permalink/714240602612878/?comment_id=714367625933509&reply_comment_id=715341599169445
20190127		Northern Mockingbird	\textbf{Northern Mockingbird} may repeat the brown power of any bird in the habitat, whether it is to the left or right.	https://www.boardgamegeek.com/thread/2139859/article/31096068#31096068
20190309		House Wren	If you use \textbf{House Wren}'s power to play another bird with a ``play a second bird'' power, you may then use the latter bird's power to play yet another bird.	https://www.stonemaiergames.com/games/wingspan/rules/#comment-31474
20190128		House Wren	The additional bird must be played in the same habitat as \textbf{House Wren}.	https://www.stonemaiergames.com/games/wingspan/rules/#comment-30838
20190203		Brewer's Blackbird	If this bird already has the maximum number of [egg] on it, you may still use its power to tuck a [card].	https://www.boardgamegeek.com/thread/2144148/article/31158388#31158388
20190203		Bushtit	If this bird already has the maximum number of [egg] on it, you may still use its power to tuck a [card].	https://www.boardgamegeek.com/thread/2144148/article/31158388#31158388
20230225		Common Grackle	\textbf{Wilson's Storm Petrel}'s power requires you to end the turn with at least 1 of the [card] you drew with it, but any of the others may be disposed of in other ways during the turn (for example, tucked with \textbf{Common Grackle}) instead of being discarded.	https://stonemaiergames.com/games/wingspan/rules/comment-page-56/#comment-59298
20190203		Common Grackle	If this bird already has the maximum number of [egg] on it, you may still use its power to tuck a [card].	https://www.boardgamegeek.com/thread/2144148/article/31158388#31158388
20190203		Dickcissel	If this bird already has the maximum number of [egg] on it, you may still use its power to tuck a [card].	https://www.boardgamegeek.com/thread/2144148/article/31158388#31158388
20190203		Red-Winged Blackbird	If this bird already has the maximum number of [egg] on it, you may still use its power to tuck a [card].	https://www.boardgamegeek.com/thread/2144148/article/31158388#31158388
20200413		Yellow-Headed Blackbird	There is no limit to the number of [card] that may be tucked behind a bird.	https://stonemaiergames.com/games/wingspan/rules/comment-page-16/#comment-37939
20190203		Yellow-Headed Blackbird	If this bird already has the maximum number of [egg] on it, you may still use its power to tuck a [card].	https://www.boardgamegeek.com/thread/2144148/article/31158388#31158388
20190205	Once between turns		You may use a pink power during another player's turn after your last turn of the game.	https://www.boardgamegeek.com/thread/2145421/article/31177235#31177235
20190309		Downy Woodpecker	If you use this bird's power to play another bird with a ``play a second bird'' power, you may then use the latter bird's power to play yet another bird.	https://www.stonemaiergames.com/games/wingspan/rules/#comment-31474
20190309		Eastern Bluebird	If you use this bird's power to play another bird with a ``play a second bird'' power, you may then use the latter bird's power to play yet another bird.	https://www.stonemaiergames.com/games/wingspan/rules/#comment-31474
20190309		Great Blue Heron	If you use this bird's power to play another bird with a ``play a second bird'' power, you may then use the latter bird's power to play yet another bird.	https://www.stonemaiergames.com/games/wingspan/rules/#comment-31474
20190309		Great Egret	If you use this bird's power to play another bird with a ``play a second bird'' power, you may then use the latter bird's power to play yet another bird.	https://www.stonemaiergames.com/games/wingspan/rules/#comment-31474
20190309		Mountain Bluebird	If you use this bird's power to play another bird with a ``play a second bird'' power, you may then use the latter bird's power to play yet another bird.	https://www.stonemaiergames.com/games/wingspan/rules/#comment-31474
20190309		Red-Eyed Vireo	If you use this bird's power to play another bird with a ``play a second bird'' power, you may then use the latter bird's power to play yet another bird.	https://www.stonemaiergames.com/games/wingspan/rules/#comment-31474
20201230		Ruby-Crowned Kinglet	The ``normal cost'' includes any [egg] required by the column the additional bird is placed in, even if you already paid [egg] to play a bird this turn.	https://stonemaiergames.com/games/wingspan/rules/comment-page-29/#comment-43312
20190309		Ruby-Crowned Kinglet	If you use this power to play another bird with a ``play a second bird'' power, you may then use the latter bird's power to play yet another bird.	https://www.stonemaiergames.com/games/wingspan/rules/#comment-31474
20190309		Savannah Sparrow	If you use this bird's power to play another bird with a ``play a second bird'' power, you may then use the latter bird's power to play yet another bird.	https://www.stonemaiergames.com/games/wingspan/rules/#comment-31474
20260128		Tufted Titmouse	Food cached on this bird may only be spent on the cost of a bird power, not on the cost of playing a bird -- including a bird played via another bird's power, such as \textbf{Tufted Titmouse}.	https://stonemaiergames.com/games/wingspan/rules/comment-page-78/#comment-145297
20190309		Tufted Titmouse	If you use this power to play another bird with a ``play a second bird'' power, you may then use the latter bird's power to play yet another bird.	https://www.stonemaiergames.com/games/wingspan/rules/#comment-31474
20200617		American Oystercatcher	You may take the drawn cards from the deck and/or from the bird tray, despite this bird's entry in the Appendix.	https://www.boardgamegeek.com/thread/2449964/article/35131047#35131047
20201010		American Oystercatcher	You must draw all X+1 cards as instructed, since some of them are allocated to other players.	https://www.facebook.com/groups/wingspanboardgame/permalink/649739262396346/
20250603		American Oystercatcher	The drawn cards are revealed: players look at them before choosing, rather than selecting blind.	https://stonemaiergames.com/games/wingspan/rules/comment-page-74/#comment-125665
20221123		American Oystercatcher	Unless a power specifies that cards must be drawn from the deck or from the bird tray, you may choose where to draw each [card] from: the face-up cards in the bird tray or the top of the deck. On \textbf{Indian Peafowl}, the additional [card] you draw may come from either source, even though the first 2 [card] must come from the deck.	https://stonemaiergames.com/games/wingspan/wingspan-asia/comment-page-14/#comment-57139
20190311		American Oystercatcher	In a game against the Automa, draw 3 [card], keep 2 of them, and discard the other.	https://www.stonemaiergames.com/games/wingspan/rules/#comment-31504
20190313	Once between turns		You may activate each ``once between turns'' power on a bird on your player mat once between each of your turns.	https://www.facebook.com/groups/wingspanboardgame/permalink/312352352801707/?comment_id=312354036134872&reply_comment_id=312437246126551
20220515		Lazuli Bunting	A power may be activated even if its full benefit is not possible; as much of it as possible is implemented. For example, \textbf{Lazuli Bunting}'s power may be used even if another player has no [bowl] bird with an empty nest to lay an [egg] on.	https://stonemaiergames.com/games/wingspan/rules/comment-page-47/#comment-52561
20190406		Lazuli Bunting	If you use \textbf{Lazuli Bunting}'s power to lay 2 [egg], they must be laid on different [bowl]/[star] birds.	https://www.facebook.com/groups/wingspanboardgame/permalink/322004815169794/?comment_id=322006528502956
20240604		Pileated Woodpecker	When \textbf{Pileated Woodpecker}'s power is activated, other players may choose not to lay an [egg].	https://stonemaiergames.com/games/wingspan/rules/comment-page-69/#comment-69695
20231126		Pileated Woodpecker	``May'' indicates a binary option: you may do exactly as instructed, or you may not do it at all. It never licenses substituting a different action. On \textbf{Blue Jay}, you may cache the gained [seed] on this bird or keep it in your personal supply, since you have already gained it. On \textbf{Pileated Woodpecker}, you may lay the additional [egg] on a [cavity] bird or lay no additional [egg] at all.	https://stonemaiergames.com/games/wingspan/rules/comment-page-63/#comment-64583
20190406		Pileated Woodpecker	If you use \textbf{Pileated Woodpecker}'s power to lay 2 [egg], they must be laid on different [cavity]/[star] birds.	https://www.facebook.com/groups/wingspanboardgame/permalink/322004815169794/?comment_id=322006528502956
20190406		Western Meadowlark	If you use this bird's power to lay 2 [egg], they must be laid on different [ground]/[star] birds.	https://www.facebook.com/groups/wingspanboardgame/permalink/322004815169794/?comment_id=322006528502956
20190522		Burrowing Owl	This bird does not count toward the \textbf{Anatomist} bonus card.	https://www.boardgamegeek.com/thread/2207647/article/32048074#32048074
20190601	Rerolling dice		You may only reroll dice when gaining food from the birdfeeder and not when gaining food from the supply.	https://www.boardgamegeek.com/thread/2208584/article/32288825#32288825
20230110		Anatomist	The \textbf{Anatomist} bonus card was reprinted in the Asia expansion with 6 points instead of 7 for 4+ birds. The change was unintentional, but the most recent version of the card is the official one.	https://stonemaiergames.com/games/wingspan/wingspan-asia/comment-page-16/#comment-58045
20190724		Anatomist	Only the keywords listed on the card and in the relevant sections of the expansion rulebooks qualify a bird. Substrings that coincide with body-part names do not count when they do not refer to a body part (e.g., the \textit{wing} in \textbf{Burrowing Owl}).	https://www.facebook.com/groups/wingspanboardgame/permalink/373729773330631/?comment_id=373775476659394&reply_comment_id=373779623325646
20200528		Anatomist	Both ``beak'' and ``head'' are on the \textbf{Anatomist} list, so birds such as \textbf{Blue Grosbeak} and \textbf{Loggerhead Shrike} count. ``Horn'' is not on the list, so \textbf{Horned Lark} does not count; follow the printed list strictly, including the additions in the expansion rulebooks.	https://stonemaiergames.com/games/wingspan/rules/comment-page-19/#comment-38985
20201116		Anatomist	\textit{Back} is a body part for this bonus card, as listed in the \textit{European Expansion} rulebook (``Anatomist (birds with body parts in their names): back, leg, toe''), so \textbf{Canvasback} counts toward it.	https://stonemaiergames.com/games/wingspan/rules/comment-page-27/#comment-42572
20240909		Anatomist	\textbf{Desert Wheatear} counts toward the \textbf{Anatomist} bonus card (``ear'').	https://stonemaiergames.com/games/wingspan/rules/comment-page-70/#comment-86747
20200229		Anatomist	On this bonus card ``name'' refers only to the common name, not the scientific name.	https://www.boardgamegeek.com/thread/2379284/article/34170036#34170036
20190724		Barred Owl	This bird does not count toward the \textbf{Photographer} bonus card.	https://www.stonemaiergames.com/games/wingspan/rules/#comment-31995
20200109b		Barrow's Goldeneye	You may not use this bird's power to lay an [egg] on another player's bird.	https://www.boardgamegeek.com/thread/2146296/article/33747572#33747572
20190921		Barrow's Goldeneye	A bird with a [star] nest counts as any and all nest types at all times throughout the game, including for egg-laying powers, bonus cards, and end-of-round goals. A power such as \textbf{Barrow's Goldeneye}'s that lays 1 [egg] on a bird with a [cavity] nest may lay it on a bird with a [star] nest.	https://stonemaiergames.com/games/wingspan/rules/comment-page-7/#comment-34970
20190729		Barrow's Goldeneye	This bird counts toward the \textbf{Photographer} bonus card.	https://www.boardgamegeek.com/thread/2246435/article/32571727#32571727
20250312		Common Goldeneye	For \textbf{Common Goldeneye}, birds with a [star] (wild) nest count as birds with a [cavity] nest.	https://stonemaiergames.com/games/wingspan/wingspan-european-expansion/comment-page-6/#comment-117352
20190729		Common Goldeneye	This bird counts toward the \textbf{Photographer} bonus card.	https://www.boardgamegeek.com/thread/2246435/article/32571727#32571727
20190729		Eurasian Golden Oriole	This bird counts toward the \textbf{Photographer} bonus card.	https://www.boardgamegeek.com/thread/2246435/article/32571727#32571727
20220307		Golden Eagle	When a bird power refers to a characteristic of other birds, only birds currently on your player mat are applicable, not birds in your hand or elsewhere, unless the power specifically says otherwise (such as a power that looks at the top card of the deck). \textbf{Hooded Merganser} therefore repeats the power of a bird with the [predator] icon already played in its habitat, and a bird whose power it repeats may also be activated in its own right during the same turn as the action cube moves along the row.	https://stonemaiergames.com/games/wingspan/rules/comment-page-44/#comment-51041
20200907		Golden Eagle	When paying a bird's food cost, you may exchange any 2 food tokens to stand in for 1 food of any type you lack. This exchange may be used multiple times in the same payment (e.g., paying 4 [seed] to replace 2 missing foods). The 2-for-1 exchange is only available when playing a bird.	https://stonemaiergames.com/games/wingspan/rules/comment-page-23/#comment-41158
20190729		Golden Eagle	This bird counts toward the \textbf{Photographer} bonus card.	https://www.boardgamegeek.com/thread/2246435/article/32571727#32571727
20190908	End of your turn		You may perform an action even if it precludes you from performing an action required at the end of your turn (e.g., discarding a [card] from your hand at the end of a turn in which you activated the \textbf{Black Tern}'s power).	https://www.facebook.com/groups/wingspanboardgame/permalink/397335327636742/?comment_id=397350010968607
20191010	End of your turn		If you perform more than one action ``at the end of your turn'', you may perform those actions in any order.	https://www.facebook.com/groups/wingspanboardgame/permalink/414814145888860/?comment_id=415023839201224&reply_comment_id=415302489173359
20220211		Snow Bunting	\textbf{Snow Bunting}'s power does not trigger during your own turn: if another player's ``once between turns'' power causes them to tuck a [card] while it is still your turn, it is not between your turns and \textbf{Snow Bunting} does not activate.	https://stonemaiergames.com/games/wingspan/rules/comment-page-41/#comment-50505
20220916		Snow Bunting	\textbf{Snow Bunting}'s power uses ``then,'' so you must tuck a [card] from your hand to gain the ``draw 1 [card]'' benefit.	https://stonemaiergames.com/games/wingspan/rules/comment-page-49/#comment-54945
20191229		Snow Bunting	Draw the [card] from the bird tray before it is refilled.	https://www.boardgamegeek.com/thread/2336787/article/33673995#33673995
20200405		Snow Bunting	This bird counts toward the \textbf{Bird Counter} bonus card despite the specification of brown powers in that bonus card's entry in the Appendix.	https://www.boardgamegeek.com/thread/2153031/article/34459426#34459426
20191126a		Snow Bunting	This bird counts toward the \textbf{Photographer} bonus card.	https://www.stonemaiergames.com/games/wingspan/rules/#comment-35706
20191126b		American Redstart	This bird's power lets you take 1 food from the birdfeeder, as if [wild] were replaced by [die] in the power text.	https://www.facebook.com/groups/wingspanboardgame/permalink/447732882596986/?comment_id=447733369263604
20191207		American Redstart	This bird does not count toward the \textbf{Anatomist} bonus card.	https://www.facebook.com/groups/wingspanboardgame/permalink/453193798717561/?comment_id=453409608695980&reply_comment_id=455637778473163
20191127		Greater Flamingo	This bird's power is brown despite its entry in the \textit{European Expansion} rulebook appendix.	https://www.facebook.com/groups/wingspanboardgame/permalink/448650129171928/?comment_id=448787489158192
20200204		Greater Flamingo	Since this power is brown, when activating it in a game against the Automa the Automa always has zero action cubes in its [wetland].	https://www.boardgamegeek.com/thread/2331577/article/33966554#33966554
20191202	End-of-round goal		A card in your hand with the power, ``This bird counts double toward the end-of-round goal, if it qualifies for the goal.'' (e.g., \textbf{Cetti's Warbler}), does not count toward end-of-round goals.	https://www.boardgamegeek.com/thread/2365136/article/34012183#34012183
20191203a		Northern Bobwhite	This bird counts toward the \textbf{Photographer} bonus card.	https://www.facebook.com/groups/wingspanboardgame/permalink/450308885672719/?comment_id=450451978991743&reply_comment_id=452668538770087
20191203c	Violet		The word \textit{violet} is a keyword for the \textbf{Photographer} bonus card. (This keyword currently occurs only on the \textbf{Violet-Green Swallow}, which already contains another keyword for \textbf{Photographer}.) 	https://www.facebook.com/groups/wingspanboardgame/permalink/453193798717561/?comment_id=453409608695980
20191204		Moltoni's Warbler	If you use this bird's power to play another bird with a teal power, you may resolve that power at any point among your other remaining teal powers.	https://www.boardgamegeek.com/thread/2324875/article/33515239#33515239
20260510		White Wagtail	Which action types you used this round is read from where each action cube ended up. A bird such as \textbf{Lineated Woodpecker} that moves with the action cube to another habitat therefore changes which action the cube records.	https://stonemaiergames.com/games/wingspan/rules/comment-page-80/#comment-156298
20191204		White Wagtail	If you use \textbf{White Wagtail}'s power to play another bird with a teal power, you may resolve that power at any point among your other remaining teal powers.	https://www.boardgamegeek.com/thread/2324875/article/33515239#33515239
20230910		Yellowhammer	If you use \textbf{Yellowhammer}'s power to play a bird with a round-end (teal) power, you may activate that newly played bird's power at any point among your other remaining teal powers, as long as you are still in the round-end power activation step.	https://stonemaiergames.com/games/wingspan/wingspan-european-expansion/comment-page-10/#comment-62845
20201203		Black Redstart	You may take less of the benefit: lay [egg] on only some of the birds in the chosen habitat rather than all of them.	https://stonemaiergames.com/games/wingspan/rules/comment-page-25/#comment-42821
20220326		Black Redstart	Activating any bird power is optional, including teal (round end) powers. A player may decline to activate a power, for example to avoid laying eggs on a bird when the end-of-round goal counts birds with no [egg].	https://stonemaiergames.com/games/wingspan/wingspan-european-expansion/comment-page-9/#comment-51436
20191207		Black Redstart	This bird does not count toward the \textbf{Anatomist} bonus card.	https://www.facebook.com/groups/wingspanboardgame/permalink/453193798717561/?comment_id=453409608695980&reply_comment_id=455637778473163
20191207		Painted Whitestart	This bird does not count toward the \textbf{Anatomist} bonus card.	https://www.facebook.com/groups/wingspanboardgame/permalink/453193798717561/?comment_id=453409608695980&reply_comment_id=455637778473163
20200109a	Action		Unless specifically stated, your actions are assumed only to affect your player mat, supply, etc. (For example, the \textbf{American Avocet}'s power may not be used to lay an [egg] on another player's bird.)	https://www.boardgamegeek.com/thread/2146296/article/33747572#33747572
20200109b		American Avocet	You may not use this bird's power to lay an [egg] on another player's bird.	https://www.boardgamegeek.com/thread/2146296/article/33747572#33747572
20190921		American Avocet	A bird with a [star] nest counts as any and all nest types at all times throughout the game, including for egg-laying powers, bonus cards, and end-of-round goals. A power such as \textbf{American Avocet}'s that lays 1 [egg] on a bird with a [ground] nest may lay it on a bird with a [star] nest.	https://stonemaiergames.com/games/wingspan/rules/comment-page-7/#comment-34970
20190718		Bronzed Cowbird	\textbf{Bronzed Cowbird} has an egg limit of 0 and cannot hold eggs.	https://stonemaiergames.com/games/wingspan/rules/comment-page-6/#comment-33576
20200109b		Bronzed Cowbird	You may not use this bird's power to lay an [egg] on another player's bird.	https://www.boardgamegeek.com/thread/2146296/article/33747572#33747572
20190921		Bronzed Cowbird	A bird with a [star] nest counts as any and all nest types at all times throughout the game, including for egg-laying powers, bonus cards, and end-of-round goals. A power such as \textbf{Bronzed Cowbird}'s that lays 1 [egg] on a bird with a [bowl] nest may lay it on a bird with a [star] nest.	https://stonemaiergames.com/games/wingspan/rules/comment-page-7/#comment-34970
20210107		Brown-Headed Cowbird	\textbf{Brown-Headed Cowbird} has no nest type, so it does not count toward the \textbf{Site Selection Expert} bonus card; it is not treated as a [star] nest.	https://stonemaiergames.com/games/wingspan/rules/comment-page-30/#comment-43473
20200411		Brown-Headed Cowbird	Powers that trigger when another player takes the ``lay eggs'' or ``gain food'' action refer only to those basic actions, not to laying eggs or gaining food from a card power. A card effect that lets a player lay an [egg] or gain food is not the ``lay eggs'' or ``gain food'' action.	https://stonemaiergames.com/games/wingspan/rules/comment-page-16/#comment-37907
20200109b		Brown-Headed Cowbird	You may not use this bird's power to lay an [egg] on another player's bird.	https://www.boardgamegeek.com/thread/2146296/article/33747572#33747572
20200323		Brown-Headed Cowbird	Eggs laid by any power are always taken from the general supply and then placed on a bird; they are never moved from another bird.	https://stonemaiergames.com/games/wingspan/rules/comment-page-14/#comment-37302
20190921		Brown-Headed Cowbird	A bird with a [star] nest counts as any and all nest types at all times throughout the game, including for egg-laying powers, bonus cards, and end-of-round goals. A power such as \textbf{Brown-Headed Cowbird}'s that lays 1 [egg] on a bird with a [bowl] nest may lay it on a bird with a [star] nest.	https://stonemaiergames.com/games/wingspan/rules/comment-page-7/#comment-34970
20200323		Yellow-Billed Cuckoo	Eggs laid by any power are always taken from the general supply and then placed on a bird; they are never moved from another bird.	https://stonemaiergames.com/games/wingspan/rules/comment-page-14/#comment-37302
20200109b		Yellow-Billed Cuckoo	You may not use \textbf{Yellow-Billed Cuckoo}'s power to lay an [egg] on another player's bird.	https://www.boardgamegeek.com/thread/2146296/article/33747572#33747572
20190921		Yellow-Billed Cuckoo	A bird with a [star] nest counts as any and all nest types at all times, including for egg-laying powers, bonus cards, and end-of-round goals, so \textbf{Yellow-Billed Cuckoo} may lay its [egg] on a [star] nest bird.	https://stonemaiergames.com/games/wingspan/rules/comment-page-7/#comment-34970
20250524		Coal Tit	Food cached on \textbf{Coal Tit} counts as being in your supply only for the purpose of spending it; it does not satisfy powers that check what food is in your supply, and does not count toward the \textbf{Winter Feeder} bonus card.	https://stonemaiergames.com/games/wingspan/rules/comment-page-68/#comment-124932
20210199b		Coal Tit	When a bird with a ``copy'' power (e.g., the \textbf{Superb Lyrebird}) copies this bird's power, that bird retains the ability to spend [seed] cached on it until the end of the turn but no longer.	https://www.facebook.com/groups/wingspanboardgame/permalink/714240602612878/?comment_id=714367625933509
20200203		Coal Tit	Food cached on this bird is ``used'' (for points) and hence does not count as unused food when breaking point ties while scoring.	https://www.boardgamegeek.com/thread/2361799/article/33951687#33951687
20200116		Coal Tit	You may spend a [seed] cached on this bird anytime you can spend a [seed] from your supply.	https://www.facebook.com/groups/wingspanboardgame/permalink/486158122087795/?comment_id=486188425418098&reply_comment_id=486277005409240
20250524		Eurasian Nuthatch	[seed] cached on \textbf{Eurasian Nuthatch} is not in your supply, so it does not count toward the \textbf{Winter Feeder} bonus card even though you may spend it at any time.	https://stonemaiergames.com/games/wingspan/rules/comment-page-68/#comment-124932
20230918		Eurasian Nuthatch	When \textbf{Northern Mockingbird} repeats this power, the [seed] is cached on \textbf{Northern Mockingbird} but cannot later be spent; it only copies the power when activated, so the [seed] simply remains cached food worth 1 VP at the end of the game.	https://stonemaiergames.com/games/wingspan/rules/comment-page-61/#comment-63050
20210199b		Eurasian Nuthatch	When a bird with a ``copy'' power (e.g., the \textbf{Superb Lyrebird}) copies this bird's power, that bird retains the ability to spend [seed] cached on it until the end of the turn but no longer.	https://www.facebook.com/groups/wingspanboardgame/permalink/714240602612878/?comment_id=714367625933509
20200812		Eurasian Nuthatch	[seed] cached on \textbf{Eurasian Nuthatch} by another bird's power (e.g., \textbf{European Magpie}) can later be spent using this bird's power, which applies to any [seed] cached on this card, not only [seed] it cached itself.	https://stonemaiergames.com/games/wingspan/rules/comment-page-22/#comment-40665
20200203		Eurasian Nuthatch	Food cached on this bird is ``used'' (for points) and hence does not count as unused food when breaking point ties while scoring.	https://www.boardgamegeek.com/thread/2361799/article/33951687#33951687
20200116		Eurasian Nuthatch	You may spend a [seed] cached on this bird anytime you can spend a [seed] from your supply.	https://www.facebook.com/groups/wingspanboardgame/permalink/486158122087795/?comment_id=486188425418098&reply_comment_id=486277005409240
20200127		Eleonora's Falcon	This bird's power is a [predator] power; the [predator] icon did not appear on the card in early printings, but the omission was corrected by April 2019.	European Expansion
20220322		Mute Swan	For the \textbf{birds with tucked [card]} end-of-round goal, count each of your birds with at least 1 card tucked beneath it. The [flocking] icon on the goal tile is synonymous with tucked cards; the powers of the birds involved are irrelevant, so it does not matter whether the bird has a [flocking] power or how the card came to be tucked there.	https://stonemaiergames.com/games/wingspan/wingspan-european-expansion/comment-page-9/#comment-51361
20200127		Mute Swan	This bird's power is a [flocking] power; the [flocking] icon did not appear on the card in early printings, but the omission was corrected by April 2019.	European Expansion
20200208	Once between turns		You may not use a pink power during your turn (when an opponent performs an action that would otherwise enable using such a power).	https://www.facebook.com/groups/wingspanboardgame/permalink/499161054120835/?comment_id=499167897453484
20260107		Cetti's Warbler	\textbf{Cetti's Warbler} does not help toward the \textbf{different point values on birds} end-of-round goal: counting the same bird twice still accounts for only one point value, and the goal looks for birds with different point values.	https://stonemaiergames.com/games/wingspan/rules/comment-page-78/#comment-142621
20230709		Cetti's Warbler	\textbf{Cetti's Warbler}'s power applies only to the bird card itself, not to its duet token. Place a single duet token when you play \textbf{Cetti's Warbler}, just as with any other bird.	https://stonemaiergames.com/games/wingspan/rules/comment-page-60/#comment-61553
20200210		Cetti's Warbler	This bird counts double toward precisely the end-of-round bonuses that count birds, not those that count other quantities. When in your hand this card does not count toward end-of-round bonuses.	https://www.boardgamegeek.com/thread/2365136/article/34012183#34012183
20250306		Eurasian Green Woodpecker	Only the quantity on \textbf{Eurasian Green Woodpecker} itself is doubled, not your whole total. For an [egg]-counting end-of-round goal, 2 [egg] on this bird count as 4 [egg]. For a goal that counts birds in a particular habitat or row, this bird counts only if it is there, and then counts as 2 birds instead of 1.	https://stonemaiergames.com/games/wingspan/wingspan-european-expansion/comment-page-12/#comment-116934
20200512		Eurasian Green Woodpecker	A round end (teal) power activates at the end of every round after the bird is played, not only the round in which it was played; a bird played in round 1 can activate its round end power in all four rounds. A ``this bird counts double toward the end-of-round goal'' power can give you a virtual 6th bird in a habitat when counting birds for the goal.	https://stonemaiergames.com/games/wingspan/rules/comment-page-18/#comment-38525
20200210		Eurasian Green Woodpecker	This bird counts double toward precisely the end-of-round bonuses that count birds, not those that count other quantities. When in your hand this card does not count toward end-of-round bonuses.	https://www.boardgamegeek.com/thread/2365136/article/34012183#34012183
20231122		Greylag Goose	When counting birds in a habitat for an end-of-round goal, \textbf{Greylag Goose} can push the total above 5: a bird that counts double may give you 6.	https://stonemaiergames.com/games/wingspan/rules/comment-page-63/#comment-64513
20200210		Greylag Goose	\textbf{Greylag Goose} counts double toward precisely the end-of-round goals that count birds, not those that count other quantities. While in your hand this card does not count toward end-of-round goals.	https://www.boardgamegeek.com/thread/2365136/article/34012183#34012183
20200222a		Citizen Scientist	In games where the Automa has drawn this bonus card, the Automa selects birds that have tucking powers; these powers are precisely those which contain the word ``tuck'' or ``tucked''.	https://www.facebook.com/groups/wingspanboardgame/permalink/507078829995724/?comment_id=507188399984767
2020022b	It becomes a tucked card		Cards whose powers include the phrase ``it becomes a tucked card'' (e.g., \textbf{Common Buzzard}) qualify for the \textbf{Citizen Scientist} bonus card when the Automa has drawn it.	https://www.facebook.com/groups/wingspanboardgame/permalink/507078829995724/?comment_id=507188399984767
20200330	Once between turns		If a pink power is triggered by a player using the ``gain food'', ``lay eggs'', or ``draw bird cards'' action, the pink power is resolved after the player collects the resources indicated on the player mat but before any brown powers in the corresponding row are activated. If a pink power is triggered by another bird's power, the pink power is resolved after the other bird's power has been resolved.	https://www.boardgamegeek.com/thread/2397920/article/34412077#34412077
20200404	Resources		Whenever you are entitled to gain resources, you may choose to take some but not all of the quantity specified.	https://www.stonemaiergames.com/games/wingspan/rules/#comment-37710
20200405		Bird Counter	A bird with a [flocking] power qualifies for this bonus card regardless of the color of that power despite the specification of brown powers in this bonus card's entry in the Appendix.	https://www.boardgamegeek.com/thread/2153031/article/34459426#34459426
20210321		Falconer	\textbf{Black-Billed Magpie} is not a predator bird and does not count for the \textbf{Falconer} bonus card; a bird is a predator only if it has the [predator] icon before its power text.	https://stonemaiergames.com/games/wingspan/rules/comment-page-32/#comment-45312
20200405		Falconer	A bird with a [predator] power qualifies for \textbf{Falconer} regardless of the color of that power, despite the specification of brown powers in this bonus card's Appendix entry.	https://www.boardgamegeek.com/thread/2153031/article/34459426#34459426
20260124		Bonelli's Eagle	A bird played for free with \textbf{Yellow-Eyed Penguin}'s power still triggers its ``when played'' power, but powers that refer to a paid cost have no effect: \textbf{Bonelli's Eagle} tucks no [card] when it is played for free.	https://stonemaiergames.com/games/wingspan/rules/comment-page-78/#comment-144893
20250514		Bonelli's Eagle	\textbf{Rose-Ringed Parakeet} copies only the ``When Played'' power itself, not the copied bird's food cost, so copying \textbf{Bonelli's Eagle} does nothing because \textbf{Rose-Ringed Parakeet} has no [rodent] in its own cost. The copied power is also gone by the end of the turn, so it does not make \textbf{Rose-Ringed Parakeet} count toward the \textbf{Endangered Species} bonus card at game end.	https://stonemaiergames.com/games/wingspan/wingspan-asia/comment-page-20/#comment-124185
20200405		Bonelli's Eagle	\textbf{Bonelli's Eagle} counts toward the \textbf{Falconer} bonus card despite the specification of brown powers in that bonus card's Appendix entry.	https://www.boardgamegeek.com/thread/2153031/article/34459426#34459426
20210108b		Common Starling	You can spend the unused nectar from your personal supply as blue powers are activated before nectar is discarded.	https://www.facebook.com/groups/wingspanboardgame/permalink/706763200027285/?comment_id=706763420027263&reply_comment_id=706764750027130
20210301		Common Starling	The [wild] discarded for \textbf{Common Starling} may be a mix of any food types. Discarding food is a way of spending it, so [nectar] discarded for this power is placed on the appropriate spent nectar space of your player mat.	https://stonemaiergames.com/games/wingspan/rules/comment-page-25/#comment-44816
20200405		Common Starling	This bird counts toward the \textbf{Bird Counter} bonus card despite the specification of brown powers in that bonus card's entry in the Appendix.	https://www.boardgamegeek.com/thread/2153031/article/34459426#34459426
20220523		Common Swift	The 2-for-1 food conversion may only be used when paying the food cost to play a bird card. It cannot be used to supply the [invertebrate] discarded for this bird's power; you must discard actual [invertebrate].	https://stonemaiergames.com/games/wingspan/rules/comment-page-47/#comment-52711
20240801		Common Swift	[nectar] cannot be used to pay the [invertebrate] discard for this bird's power. When a bird power refers to a specific food type, [nectar] is not a wild food.	https://stonemaiergames.com/games/wingspan/wingspan-oceania-expansion/comment-page-38/#comment-75545
20200111		Common Swift	The food types in these birds' powers are correct as printed; the specific food shown ([invertebrate] for \textbf{Common Swift}, [seed] for \textbf{House Sparrow}) applies, not ``any food''. The \textit{European Expansion} appendix uses examples to explain concepts and does not reproduce the exact text of every card.	https://stonemaiergames.com/games/wingspan/wingspan-european-expansion/comment-page-5/#comment-36281
20210108b		Common Swift	You can spend the unused nectar from your personal supply as blue powers are activated before nectar is discarded.	https://www.facebook.com/groups/wingspanboardgame/permalink/706763200027285/?comment_id=706763420027263&reply_comment_id=706764750027130
20200405		Common Swift	This bird counts toward the \textbf{Bird Counter} bonus card despite the specification of brown powers in that bonus card's entry in the Appendix.	https://www.boardgamegeek.com/thread/2153031/article/34459426#34459426
20230516		Eastern Imperial Eagle	\textbf{Rose-Ringed Parakeet} copies the power exactly as worded on the neighbor's bird onto itself for the duration of that turn only; at the end of the turn it no longer has that power. Copying \textbf{Bonelli's Eagle} or \textbf{Eastern Imperial Eagle} does nothing, since those powers refer to [rodent] in the bird's cost and \textbf{Rose-Ringed Parakeet} costs no [rodent]. Because the copied power is gone by the end of the turn, a copied bonus-card power does not make \textbf{Rose-Ringed Parakeet} count toward the \textbf{Endangered Species} bonus card when scoring at game end.	https://stonemaiergames.com/games/wingspan/rules/comment-page-58/#comment-60645
20250514		Eastern Imperial Eagle	\textbf{Rose-Ringed Parakeet} copies only the ``When Played'' power itself, not the copied bird's food cost. Treat the power as if it were printed on \textbf{Rose-Ringed Parakeet}: copying \textbf{Eastern Imperial Eagle} or \textbf{Bonelli's Eagle} therefore does nothing, because \textbf{Rose-Ringed Parakeet} has no [rodent] in its own food cost.	https://stonemaiergames.com/games/wingspan/wingspan-asia/comment-page-20/#comment-124185
20231208		Eastern Imperial Eagle	A copied ``When Played'' power only does what it can do for the copying bird: \textbf{Rose-Ringed Parakeet} gains nothing by copying \textbf{Eastern Imperial Eagle}, because \textbf{Rose-Ringed Parakeet}'s cost contains no [rodent].	https://stonemaiergames.com/games/wingspan/rules/comment-page-63/#comment-64804
20200405		Eastern Imperial Eagle	This bird counts toward the \textbf{Falconer} bonus card despite the specification of brown powers in that bonus card's entry in the Appendix.	https://www.boardgamegeek.com/thread/2153031/article/34459426#34459426
20230901		Eurasian Collared-Dove	[nectar] discarded to \textbf{Eurasian Collared-Dove}'s power goes to the ``spent nectar'' space for that habitat on the left side of your player mat (kept until the end of the game), not back to the supply.	https://stonemaiergames.com/games/wingspan/rules/comment-page-61/#comment-62589
20210108b		Eurasian Collared-Dove	You can spend the unused nectar from your personal supply as blue powers are activated before nectar is discarded.	https://www.facebook.com/groups/wingspanboardgame/permalink/706763200027285/?comment_id=706763420027263&reply_comment_id=706764750027130
20200405		Eurasian Collared-Dove	This bird counts toward the \textbf{Bird Counter} bonus card despite the specification of brown powers in that bonus card's entry in the Appendix.	https://www.boardgamegeek.com/thread/2153031/article/34459426#34459426
20200405		Eurasian Sparrowhawk	This bird counts toward the \textbf{Falconer} bonus card despite the specification of brown powers in that bonus card's entry in the Appendix.	https://www.boardgamegeek.com/thread/2153031/article/34459426#34459426
20200531		European Goldfinch	\textbf{European Goldfinch}'s power activates only once between your turns, no matter how many [card] the other player tucked in the triggering event. Round end (teal) powers do not activate ``once between turns'' (pink) powers at all, since teal powers happen during no one's turn.	https://stonemaiergames.com/games/wingspan/rules/comment-page-19/#comment-39069
20200405		European Goldfinch	This bird counts toward the \textbf{Bird Counter} bonus card despite the specification of brown powers in that bonus card's entry in the Appendix.	https://www.boardgamegeek.com/thread/2153031/article/34459426#34459426
20220926		Hooded Crow	The number of [card] you draw with \textbf{Hooded Crow}'s power is equal to the number of [card] you tuck; you must tuck in order to draw.	https://stonemaiergames.com/games/wingspan/wingspan-european-expansion/comment-page-10/#comment-55084
20200405		Hooded Crow	This bird counts toward the \textbf{Bird Counter} bonus card despite the specification of brown powers in that bonus card's entry in the Appendix.	https://www.boardgamegeek.com/thread/2153031/article/34459426#34459426
20240714a		Horned Lark	Playing \textbf{Red Kite} on top of another bird in a player's [grassland] still counts as playing a bird in that habitat, so it triggers \textbf{Horned Lark}.	https://stonemaiergames.com/games/wingspan/rules/comment-page-69/#comment-72064
20200528		Horned Lark	``Horn'' is not on the \textbf{Anatomist} list, so \textbf{Horned Lark} does not count; follow the printed list strictly, including the additions in the expansion rulebooks. (``Beak'' and ``head'' are on the list, so birds such as \textbf{Blue Grosbeak} and \textbf{Loggerhead Shrike} count.)	https://stonemaiergames.com/games/wingspan/rules/comment-page-19/#comment-38985
20200405		Horned Lark	This bird counts toward the \textbf{Bird Counter} bonus card despite the specification of brown powers in that bonus card's entry in the Appendix.	https://www.boardgamegeek.com/thread/2153031/article/34459426#34459426
20200204a		Horned Lark	A pink power activates directly after the action that triggered it, once the triggering player has finished all the actions on the card that caused it. The player with the pink power completes it before the original player continues activating any further birds in their row.	https://stonemaiergames.com/games/wingspan/rules/comment-page-12/#comment-36551
20200925		House Sparrow	The 2-for-1 food exchange may only be used when paying the food cost to play a bird, not to satisfy a food requirement elsewhere such as discarding [seed] for \textbf{House Sparrow}'s power.	https://stonemaiergames.com/games/wingspan/rules/comment-page-24/#comment-41421
20200111		House Sparrow	The food type is correct as printed: \textbf{House Sparrow} requires [seed], not ``any food''. The \textit{European Expansion} appendix uses examples to explain concepts and does not reproduce the exact text of every card.	https://stonemaiergames.com/games/wingspan/wingspan-european-expansion/comment-page-5/#comment-36281
20210108b		House Sparrow	You can spend the unused nectar from your personal supply as blue powers are activated before nectar is discarded.	https://www.facebook.com/groups/wingspanboardgame/permalink/706763200027285/?comment_id=706763420027263&reply_comment_id=706764750027130
20200405		House Sparrow	This bird counts toward the \textbf{Bird Counter} bonus card despite the specification of brown powers in that bonus card's entry in the Appendix.	https://www.boardgamegeek.com/thread/2153031/article/34459426#34459426
20200405		Northern Goshawk	This bird counts toward the \textbf{Falconer} bonus card despite the specification of brown powers in that bonus card's entry in the Appendix.	https://www.boardgamegeek.com/thread/2153031/article/34459426#34459426
20201119		Ruff	\textbf{Ruff}'s power is two separate statements: tuck up to 3 [card] from your hand, and then, once you are done tucking, draw 1 [card] for each card you tucked. You cannot tuck a card drawn by this power.	https://stonemaiergames.com/games/wingspan/wingspan-oceania-expansion/comment-page-27/#comment-42600
20200405		Ruff	This bird counts toward the \textbf{Bird Counter} bonus card despite the specification of brown powers in that bonus card's entry in the Appendix.	https://www.boardgamegeek.com/thread/2153031/article/34459426#34459426
20200511	Alternative cost		If you use a bird's power to play in the same habitat a bird an alternative food cost specified via an asterisk next to its food cost, you may pay the alternative cost (which thus counts as paying the bird's ``normal food cost'') instead of paying its food cost.	https://www.discord.com/channels/608588053052653580/693358238439047229/709127448922423368
20200712	Trade		``Trading'' (e.g., when using the \textbf{Green Heron}'s power) counts as ``spending''.	https://www.facebook.com/groups/wingspanboardgame/?post_id=589893495047590&comment_id=589910088379264
20230621		Green Heron	[nectar] is an eligible food type for \textbf{Green Heron}'s power, so you may trade 1 [wild] for [nectar] from the supply. (An earlier official answer saying nectar was ineligible was retracted.)	https://stonemaiergames.com/games/wingspan/rules/comment-page-59/#comment-61154
20220509		Green Heron	When another player uses \textbf{Green Heron}'s power to trade a food token for [nectar], that counts as gaining [nectar], so \textbf{Spangled Drongo}'s power triggers. It is not a net gain of food, but it is still a gain. \textbf{Spangled Drongo} is a ``once between turns'' power, so it may only be used once between each of your turns.	https://stonemaiergames.com/games/wingspan/rules/comment-page-46/#comment-52467
20230101		Green Heron	Food traded away with \textbf{Green Heron} goes back to the supply, not to the birdfeeder; [nectar] traded away is spent instead, so place it in the spent-nectar space of your player mat.	https://stonemaiergames.com/games/wingspan/wingspan-oceania-expansion/comment-page-36/#comment-57802
20200712		Green Heron	``Trading'' counts as ``spending''.	https://www.facebook.com/groups/wingspanboardgame/?post_id=589893495047590&comment_id=589910088379264
20200719		Green Heron	You may not use this bird's power to trade a food token for a food token of the same type.	https://www.facebook.com/groups/wingspanboardgame/?post_id=591878014849138&comment_id=591932641510342&reply_comment_id=594264341277172
20200716a	Appendix		If information printed on a card conflicts with the card's appendix entry, the information on the card takes precedence. (See \textbf{American Oystercatcher}, \textbf{Belted Kingfisher}, and \textbf{Eastern Kingbird}.)	https://www.facebook.com/groups/wingspanboardgame/?post_id=592581981445408&comment_id=592771208093152
20200716a		Belted Kingfisher	This bird's power is triggered by another player playing a bird in their [wetland] during their turn, even when not using the ``play a bird'' card action to do so (instead using, e.g., the \textbf{Common Moorhen}'s power), despite this bird's entry in the Appendix.	https://www.facebook.com/groups/wingspanboardgame/?post_id=592581981445408&comment_id=592771208093152
20200716a		Common Moorhen	Using this bird's power to play a bird in your [wetland] triggers the power of the \textbf{Belted Kingfisher} on another player's player mat, despite the \textbf{Belted Kingfisher}'s entry in the Appendix.	https://www.facebook.com/groups/wingspanboardgame/?post_id=592581981445408&comment_id=592771208093152
20200716a		Eastern Kingbird	\textbf{Eastern Kingbird}'s power triggers whenever another player plays a bird in their [forest] on their turn, even without using the ``play a bird'' action (e.g. via \textbf{Goldcrest}'s power), despite this bird's Appendix entry.	https://www.facebook.com/groups/wingspanboardgame/?post_id=592581981445408&comment_id=592771208093152
20200710		Eastern Kingbird	Playing a bird is not the same as activating a bird. This bird's power is not triggered when another player moves an existing bird into their [forest]; only when a new bird is played there.	https://stonemaiergames.com/games/wingspan/rules/comment-page-22/#comment-40047
20200716a		Goldcrest	Using this bird's power to play a bird in your [forest] triggers the power of the \textbf{Eastern Kingbird} on another player's player mat, despite the \textbf{Eastern Kingbird}'s entry in the Appendix.	https://www.facebook.com/groups/wingspanboardgame/?post_id=592581981445408&comment_id=592771208093152
20200716a		Short-Toed Treecreeper	Using this bird's power to play a bird in your [forest] triggers the power of the \textbf{Eastern Kingbird} on another player's player mat, despite the \textbf{Eastern Kingbird}'s entry in the Appendix.	https://www.facebook.com/groups/wingspanboardgame/?post_id=592581981445408&comment_id=592771208093152
20200716b	[wild] [wild] $\Rightarrow$ [wild]		You may substitute 2 [wild] for any 1 food in a bird's food cost whenever you play a bird, including outside the scope of the ``play a bird'' action.	https://www.facebook.com/groups/wingspanboardgame/?post_id=592455651458041&comment_id=592685648101708&reply_comment_id=592771751426431
20201003	Discard pile		Cards discarded to the discard pile are placed face up.	https://www.facebook.com/groups/wingspanboardgame/permalink/644780639558875/?comment_id=644981886205417&reply_comment_id=644982936205312
20201003	Discard pile		Players may look through the discard pile at any time.	https://www.facebook.com/groups/wingspanboardgame/permalink/644780639558875/?comment_id=644981886205417&reply_comment_id=644982936205312
20201009	Honey		As of the release of the Oceania Expansion, \textit{honey} is no longer a keyword for the \textbf{Photographer} bonus card.	Oceania Expansion rulebook
20240225		European Honey Buzzard	When a power resets the birdfeeder, such as \textbf{European Honey Buzzard}, all 5 dice are rerolled, including dice that players had already removed from the birdfeeder. This matches resetting the birdfeeder when all dice in it show the same face.	https://stonemaiergames.com/games/wingspan/rules/comment-page-67/#comment-67411
20250410		European Honey Buzzard	Dice showing the [invertebrate]/[seed] face count: \textbf{European Honey Buzzard} gains the [invertebrate] from such a die along with all other [invertebrate] showing (and \textbf{Hawfinch} may take the [seed] from such a die).	https://stonemaiergames.com/games/wingspan/wingspan-european-expansion/comment-page-12/#comment-120371
20201009		European Honey Buzzard	As of the release of the Oceania Expansion, \textit{honey} is no longer a keyword for the \textbf{Photographer} bonus card, and hence this bird no longer qualifies for it.	Oceania Expansion rulebook
20201009		Lewin's Honeyeater	As of the release of the Oceania Expansion, \textit{honey} is no longer a keyword for the \textbf{Photographer} bonus card, and hence this bird do not qualify for it.	Oceania Expansion rulebook
20201009		New Holland Honeyeater	As of the release of the Oceania Expansion, \textit{honey} is no longer a keyword for the \textbf{Photographer} bonus card, and hence this bird do not qualify for it.	Oceania Expansion rulebook
20201009		Rufous-Banded Honeyeater	As of the release of the Oceania Expansion, \textit{honey} is no longer a keyword for the \textbf{Photographer} bonus card, but \textit{rufous} is a keyword, and hence this bird qualifies for that bonus card.	Oceania Expansion rulebook
20220605		Eastern Rosella	\textbf{Spangled Drongo} only triggers between your turns, never on your own turn. If you activate \textbf{Eastern Rosella} on your turn, causing all players to gain 1 [nectar], \textbf{Spangled Drongo} does not activate.	https://stonemaiergames.com/games/wingspan/wingspan-oceania-expansion/comment-page-34/#comment-52958
20201010		Eastern Rosella	\textbf{Eastern Rosella} counts toward the \textbf{Photographer} bonus card.	https://www.facebook.com/groups/wingspanboardgame/permalink/649739262396346/
20201010		Emu	When using this bird's power, you must gain all [seed] available in the birdfeeder, since some of it may be allocated to other players.	https://www.facebook.com/groups/wingspanboardgame/permalink/649739262396346/
20201010		Southern Cassowary	When using this bird's power to discard another bird from your mat, all food cached on that bird, [egg] laid on that bird, and [card] tucked under that bird are discarded.	https://www.facebook.com/groups/wingspanboardgame/permalink/649739262396346/
20201011		Site Selection Expert	When scoring this bonus card, birds played sideways can count toward a nest type in both of the columns in which they were played. A [star] nest on a sideways bird can count as different nest types in the two columns in which it was played.	https://www.boardgamegeek.com/thread/2519302/article/36010930#36010930
20210107		Site Selection Expert	\textbf{Brown-Headed Cowbird} has no nest type, so it does not count toward the \textbf{Site Selection Expert} bonus card; it is not treated as a [star] nest.	https://stonemaiergames.com/games/wingspan/rules/comment-page-30/#comment-43473
20201116a	End of Round Reference		When playing with the Oceania Expansion, follow the order of steps on the (Oceania Expansion) End of Round Reference, not the order given in the Oceania Expansion rulebook.	https://www.boardgamegeek.com/thread/2542100/article/36292121#36292121
20201116a	Game end		When playing with the Oceania Expansion, follow the order of steps on the (Oceania Expansion) End of Round Reference, not the order given in the Oceania Expansion rulebook.	https://www.boardgamegeek.com/thread/2542100/article/36292121#36292121
20240110		Superb Lyrebird	Copy powers act as if the copied text were printed on the copying bird. So if \textbf{Superb Lyrebird} copies the \textbf{Northern Mockingbird}'s power, you then repeat a brown power on another bird in \textbf{Superb Lyrebird}'s own habitat ([forest]).	https://stonemaiergames.com/games/wingspan/rules/comment-page-65/#comment-65976
20201116b		Superb Lyrebird	If you copy the power of a bird that lets it move to another habitat---and \textbf{Superb Lyrebird} satisfies applicable conditions (e.g., being the rightmost bird in its habitat)---it may move to that habitat, even one in which it cannot be played.	https://www.facebook.com/groups/wingspanboardgame/permalink/677258919644380/?comment_id=677284199641852&reply_comment_id=677287326308206
20210119a		Superb Lyrebird	When a bird (e.g., the \textbf{Gray Catbird}) repeats this bird's power, it repeats the copying power printed on this bird and not any powers this bird repeated earlier in the turn. Since being a predator power is a property of a power, this bird copying a predator power and the power succeeding counts as success of a predator power (e.g., for purposes of enabling the activation of a pink power on another player's mat, like that of the \textbf{Black Vulture}).	https://www.facebook.com/groups/wingspanboardgame/permalink/714240602612878/?comment_id=714367625933509&reply_comment_id=715341599169445
20210199b		Superb Lyrebird	When this bird copies another bird's power, it retains any effects specified in the copied bird's power text as long as those effects may occur but not beyond the end of the turn. (So, e.g., if it copies the \textbf{Coal Tit}'s power, it retains the ability to spend [seed] cached on this bird until the end of the turn but no longer, and if copies the \textbf{Wood Duck}'s power, the copied power still obligates you to discard a card at the end of your turn.)	https://www.facebook.com/groups/wingspanboardgame/permalink/714240602612878/?comment_id=714367625933509
20210108a		Superb Lyrebird	\textbf{Superb Lyrebird} counts towards the \textbf{Forester} bonus card even though it can potentially fly elsewhere.	https://www.facebook.com/groups/wingspanboardgame/permalink/708244956545776/?comment_id=708275409876064
20201116b		Tūī	If \textbf{Tūī} copies a power that lets a bird move to another habitat---and it satisfies applicable conditions (e.g., being the rightmost bird in its habitat)---it may move to that habitat, even one in which it cannot be played.	https://www.facebook.com/groups/wingspanboardgame/permalink/677258919644380/?comment_id=677284199641852&reply_comment_id=677287326308206
20210199b		Tūī	When \textbf{Tūī} copies another bird's power, it retains any effects specified in the copied bird's power text as long as those effects may occur but not beyond the end of the turn. (So, e.g., if it copies the \textbf{Coal Tit}'s power, it retains the ability to spend [seed] cached on this bird until the end of the turn but no longer, and if copies the \textbf{Wood Duck}'s power, the copied power still obligates you to discard a card at the end of your turn.)	https://www.facebook.com/groups/wingspanboardgame/permalink/714240602612878/?comment_id=714367625933509
20210199a		Tūī	When a bird (e.g., the \textbf{Gray Catbird}) repeats \textbf{Tūī}'s power, it repeats the copying power printed here and not any powers this bird repeated earlier in the turn. Since being a predator power is a property of a power, copying a predator power and succeeding counts as a predator success (e.g., enabling a pink power like \textbf{Black Vulture}'s).	https://www.facebook.com/groups/wingspanboardgame/permalink/714240602612878/?comment_id=714367625933509&reply_comment_id=715341599169445
20210108a		Tūī	This bird counts towards \textbf{Forester} bonus card even though it can potentially fly elsewhere.	https://www.facebook.com/groups/wingspanboardgame/permalink/708244956545776/?comment_id=708275409876064
20201117	Discard		``Discarding'' food while resolving a bird power counts as ``spending''.	https://www.discord.com/channels/608588053052653580/693358238439047229/778341560205967380
20201204		Forest Data Analyst	This bonus card only awards points for a single sequence of bird cards of increasing or decreasing wingspan.	https://www.facebook.com/groups/wingspanboardgame/permalink/689086175128321/?comment_id=689111498459122
20201204		Grassland Data Analyst	This bonus card only awards points for a single sequence of bird cards of increasing or decreasing wingspan.	https://www.facebook.com/groups/wingspanboardgame/permalink/689086175128321/?comment_id=689111498459122
20201229		Wetland Data Analyst	Adjacent birds with the exact same wingspan count as part of an ascending or descending sequence for this bonus card.	https://stonemaiergames.com/games/wingspan/wingspan-oceania-expansion/comment-page-29/#comment-43292
20201204		Wetland Data Analyst	This bonus card only awards points for a single sequence of bird cards of increasing or decreasing wingspan.	https://www.facebook.com/groups/wingspanboardgame/permalink/689086175128321/?comment_id=689111498459122
20201211	Ability		``Ability'' is a synonym of ``power''.	https://www.boardgamegeek.com/thread/2558020/article/36492150#36492150
20210101	Giving		``Giving'' a resource to another player does not count as ``spending''.	https://discord.com/channels/608588053052653580/693358238439047229/794607413088485398
20210101		Red-Winged Parrot	Giving [nectar] to another player with this power does not count as ``spending'', so do not add that nectar to the ``spent nectar'' space for its habitat.	https://discord.com/channels/608588053052653580/693358238439047229/794607413088485398
20201206		Red-Winged Parrot	Receiving [nectar] as a gift counts as gaining [nectar], so the player given a [nectar] by \textbf{Red-Winged Parrot} has gained it and \textbf{Spangled Drongo} may be activated.	https://stonemaiergames.com/games/wingspan/rules/comment-page-27/#comment-42903
20210199a	Copy		When a bird (e.g., the \textbf{Gray Catbird}) repeats the power of a bird with a ``copy'' power (e.g., the \textbf{Superb Lyrebird}), it repeats the copying power printed on that bird and not any powers that bird repeated earlier in the turn.	https://www.facebook.com/groups/wingspanboardgame/permalink/714240602612878/?comment_id=714367625933509&reply_comment_id=715341599169445
20210199a	Copy		Since being a predator power is a property of a power, a bird with a ``copy'' power copying a predator power and the power succeedings counts as success of a predator power (e.g., for purposes of enabling the activation of a pink power on another player's mat, like that of the \textbf{Black Vulture}. In particular, even if the copying bird is in the same habitat as the \textbf{Hooded Merganser}, that latter bird cannot repeat this bird's power, since the power printed on this card is not a predator power.	https://www.facebook.com/groups/wingspanboardgame/permalink/714240602612878/?comment_id=714367625933509&reply_comment_id=715341599169445
20210199a	Repeat		When a bird with a ``repeat'' power (e.g., the \textbf{Gray Catbird}) repeats the power of a bird with a ``copy'' power (e.g., the \textbf{Superb Lyrebird}), it repeats the power printed on the bird with the ``copy'' power and not any powers that bird copied earlier in the turn.	https://www.facebook.com/groups/wingspanboardgame/permalink/714240602612878/?comment_id=714367625933509&reply_comment_id=715341599169445
20210199b	Copy		When a bird with a ``copy'' power copies another bird's power, it retains any effects specified in the copied bird's power text as long as those effects may occur but not beyond the end of the turn. (So, e.g., if the \textbf{Superb Lyrebird} copies the \textbf{Coal Tit}'s power, the former bird retains the ability to spend [seed] cached on it until the end of the turn but no longer, and if it instead copies the \textbf{Wood Duck}'s power, the copied power still obligates you to discard a card at the end of your turn.)	https://www.facebook.com/groups/wingspanboardgame/permalink/714240602612878/?comment_id=714367625933509
20210206	Beak pointing left/right		A bird played horizontally qualifies for one of \textbf{Beak pointing left/right} end-of-round goals if and only if it would count were the card played in its vertical orientation.	https://www.facebook.com/groups/wingspanboardgame/permalink/723516585018613/?comment_id=723543355015936
20210318	Beak pointing left/right		This bird counts double for \textbf{Beak pointing left/right} if it qualifies for the goal.	https://www.facebook.com/groups/wingspanboardgame/permalink/744575159579422/
20190405		Loggerhead Shrike	Activating a bird's power is not the same as taking the corresponding action. A bird activated by another power that gains [rodent] does not trigger \textbf{Loggerhead Shrike}, because the ``gain food'' action was not taken; likewise, a bird moved to another habitat by a bird power is not being played, so no [egg] cost is paid for the column it moves into.	https://stonemaiergames.com/games/wingspan/rules/comment-page-4/#comment-31916
20191218		Loggerhead Shrike	\textbf{Loggerhead Shrike} is not triggered by [rodent] gained from a ``when activated'' bird power, such as \textbf{Eastern Screech-Owl}'s, even when that power fires during another player's ``gain food'' action.	https://stonemaiergames.com/games/wingspan/rules/comment-page-9/#comment-35953
20260708		Loggerhead Shrike	\textbf{Loggerhead Shrike} triggers only when another player gains [rodent] as part of the ``gain food'' core action of the [forest] habitat, not from [rodent] gained or cached by bird powers.	https://stonemaiergames.com/games/wingspan/rules/comment-page-82/#comment-162093
20190416		Osprey	Powers are optional: the owner of \textbf{Osprey} may choose not to activate its power at all, in which case no player gains a [fish]. If the power is activated, another player may still decline to take their [fish].	https://stonemaiergames.com/games/wingspan/rules/comment-page-4/#comment-32087
20211129		Fishery Manager	Only birds printed with the [fish] icon count for \textbf{Fishery Manager}; a bird whose food cost shows only a [wild] (any food type) symbol does not count.	https://stonemaiergames.com/games/wingspan/rules/comment-page-39/#comment-49006
20220516		Canada Goose	[nectar] is not wild for a bird power that names a specific food type: \textbf{Canada Goose} requires discarding a [seed], and [nectar] may not be discarded instead. [nectar] is wild only when paying food to play a bird, using an ``any food'' bird power, or upgrading an action.	https://stonemaiergames.com/games/wingspan/rules/comment-page-43/#comment-52571
20190617		Canada Goose	Paying 2 food of one type in place of 1 food of another type applies only when playing a bird; it cannot pay a food cost in a bird's power, such as discarding 1 [seed] for \textbf{Canada Goose}.	https://stonemaiergames.com/games/wingspan/rules/comment-page-5/#comment-33198
20190629		Nest Box Builder	A bird with a [star] nest counts as any nest type for every bonus card and end-of-round goal it can satisfy; the same bird may count toward multiple bonus cards at once, and toward goals in every round of the game.	https://stonemaiergames.com/games/wingspan/rules/comment-page-5/#comment-33382
20190629		Platform Builder	A bird with a [star] nest counts as any nest type for every bonus card and end-of-round goal it can satisfy; the same bird may count toward multiple bonus cards at once, and toward goals in every round of the game.	https://stonemaiergames.com/games/wingspan/rules/comment-page-5/#comment-33382
20200423		Blue Jay	The choice to cache cannot be changed later. Contrast \textbf{Sandhill Crane}, where discarding 1 [seed] is a cost you may not substitute or skip.	https://stonemaiergames.com/games/wingspan/rules/comment-page-17/#comment-38179
20231126		Blue Jay	``May'' is a binary option: do exactly as instructed or not at all, never a substitution. On \textbf{Blue Jay} you may cache the gained [seed] on this bird or keep it in your personal supply, since you have already gained it.	https://stonemaiergames.com/games/wingspan/rules/comment-page-63/#comment-64583
20190901		Blue Jay	Caching the [seed] is optional; you may instead keep it as a food token to spend.	https://stonemaiergames.com/games/wingspan/rules/comment-page-6/#comment-34501
20191004		Griffon Vulture	Each player chooses the order in which they activate their own round end (teal) powers.	https://stonemaiergames.com/games/wingspan/wingspan-european-expansion/comment-page-2/#comment-35191
20191004		Lesser Whitethroat	Each player chooses the order in which they activate their own round end (teal) powers.	https://stonemaiergames.com/games/wingspan/wingspan-european-expansion/comment-page-2/#comment-35191
20191007		Fish Crow	For the \textbf{food cost of played birds} end-of-round goal, the clarification to count only 1 food for birds with a choice in their food cost refers to the ``/'' in food costs. \textbf{Song Sparrow} ([invertebrate]/[seed]/[fruit]) counts as 1, while \textbf{Fish Crow} ([fish]+[wild]) counts as 2.	https://stonemaiergames.com/games/wingspan/wingspan-european-expansion/comment-page-3/#comment-35257
20230610		Viticulturalist	\textbf{Viticulturalist} counts only birds showing the [fruit] icon; [wild] and [nectar] icons do not count for it.	https://stonemaiergames.com/games/wingspan/rules/comment-page-59/#comment-61023
20200327		Viticulturalist	Birds that eat [wild] do not count toward \textbf{Viticulturalist}; only birds showing the [fruit] icon qualify. This applies to every food-based bonus card.	https://stonemaiergames.com/games/wingspan/rules/comment-page-14/#comment-37397
20200504		Eastern Screech-Owl	When the birdfeeder becomes empty, all dice are immediately refilled and rerolled before anything else happens, so this bird can roll at most 4 dice outside the birdfeeder.	https://stonemaiergames.com/games/wingspan/rules/comment-page-18/#comment-38364
20191218		Eastern Screech-Owl	Food gained from a ``when activated'' power such as \textbf{Eastern Screech-Owl}'s does not trigger \textbf{Loggerhead Shrike}, which refers only to the core benefit of the ``gain food'' action.	https://stonemaiergames.com/games/wingspan/rules/comment-page-9/#comment-35953
20210327		Eastern Screech-Owl	\textbf{Eastern Screech-Owl}'s beak does not point in either direction, so it counts for neither the \textbf{beaks pointing left} nor the \textbf{beaks pointing right} end-of-round goal. (This is listed on page 11 of the Oceania rules.)	https://stonemaiergames.com/games/wingspan/rules/comment-page-32/#comment-45421
20240207		Ecologist	Score only one habitat for the \textbf{Ecologist} bonus card, even if two or three habitats are tied for the fewest birds; the maximum score is therefore 10 points.	https://stonemaiergames.com/games/wingspan/rules/comment-page-67/#comment-66936
20241129		Ecologist	A habitat with no birds counts as your habitat with the fewest birds (0 birds), so an empty habitat scores 0 points.	https://stonemaiergames.com/games/wingspan/rules/comment-page-71/#comment-103099
20260116		Ecologist	Hummingbird cards are birds and count toward bonus cards in the ordinary way, including \textbf{Bird Bander}, \textbf{Ecologist}, \textbf{Ethologist}, \textbf{Passerine Specialist}, \textbf{Small Clutch Specialist}, and the Data Analyst and Ranger bonus cards.	https://stonemaiergames.com/games/wingspan/wingspan-americas-expansion/comment-page-7/#comment-143888
20200110		Eurasian Nutcracker	The [seed] cached by \textbf{Eurasian Nutcracker} comes from your personal supply of food you have gathered, not from the general supply.	https://stonemaiergames.com/games/wingspan/wingspan-european-expansion/comment-page-5/#comment-36276
20211023		Turkey Vulture	\textbf{Turkey Vulture} is not a [predator] bird; its [predator] symbol appears within the power text rather than before it. A predator ``succeeds'' when another player's [predator] power results in that player gaining a benefit - for example, revealing a card whose wingspan is less than the stated value and tucking it.	https://stonemaiergames.com/games/wingspan/rules/comment-page-38/#comment-48568
20200522		Turkey Vulture	A [predator] ``succeeds'' when its action is successful, not when the bird is played - usually meaning it caches a food or tucks a card. If a bird such as \textbf{Northern Goshawk} uses its power to tuck cards instead of paying some or all of its food cost, that counts as both tucking a card and a [predator] succeeding, and triggers pink powers accordingly.	https://stonemaiergames.com/games/wingspan/rules/comment-page-19/#comment-38841
20210104		Turkey Vulture	Gaining food from the birdfeeder with the \textbf{Sacred Kingfisher}'s power counts as a successful [predator] action, so it can trigger \textbf{Turkey Vulture}. It cannot trigger the pink power of the player whose turn it is, because the \textbf{Sacred Kingfisher}'s power resolves as the final step of that player's turn, not between turns.	https://stonemaiergames.com/games/wingspan/rules/comment-page-26/#comment-43416
20200204a		Turkey Vulture	A pink power activates directly after the action that triggered it, once the triggering player has finished all the actions on the card that caused it. The player with the pink power completes it before the original player continues activating any further birds in their row.	https://stonemaiergames.com/games/wingspan/rules/comment-page-12/#comment-36551
20200331		Turkey Vulture	``Turkey'' does not count as a geography term for the \textbf{Cartographer} bonus card, and neither does ``turkey vulture'' (turkey vultures are named after the bird, not the country).	https://stonemaiergames.com/games/wingspan/rules/comment-page-14/#comment-37518
20201010a		Hooded Warbler	[nectar] may be substituted for any of the 5 other food types when paying the food cost to play a bird. For example, \textbf{Hooded Warbler} costs [invertebrate][invertebrate], so it can be played by paying [invertebrate][invertebrate], [invertebrate][nectar], or [nectar][nectar].	https://stonemaiergames.com/games/wingspan/wingspan-oceania-expansion/comment-page-19/#comment-41919
20200301		Hooded Warbler	\textbf{Hooded Warbler} has no power, so nothing happens when an action cube passes over it while activating birds.	https://stonemaiergames.com/games/wingspan/rules/comment-page-12/#comment-36923
20250704		Bird Feeder	Birds that eat [wild] do not count toward \textbf{Bird Feeder}; bonus cards that name a specific food icon only count birds showing that icon.	https://stonemaiergames.com/games/wingspan/rules/comment-page-75/#comment-127995
20221106		Bird Feeder	The food [die] symbol always means, ``Remove a die from the birdfeeder and gain the food noted on it from the supply.''	https://stonemaiergames.com/games/wingspan/wingspan-asia/comment-page-13/#comment-56608
20200322		American Bittern	\textbf{American Bittern}'s power is optional: if activating it would not benefit the player who activated it (for example, if that player does not have the fewest birds in their [wetland]), they may choose not to activate it at all.	https://stonemaiergames.com/games/wingspan/rules/comment-page-13/#comment-37279
20200331		Wild Turkey	``Turkey'' does not count as a geography term for the \textbf{Cartographer} bonus card, and neither does ``turkey vulture'' (turkey vultures are named after the bird, not the country).	https://stonemaiergames.com/games/wingspan/rules/comment-page-14/#comment-37518
20201104		Wild Turkey	The \textbf{white \& no powers} end-of-round goal counts both birds with ``when played'' powers (white cards, e.g. \textbf{Common Blackbird}) and birds with no powers at all (e.g. \textbf{American Woodcock}, \textbf{Wild Turkey}). \textbf{Common Blackbird}, though placed sideways across 2 [forest] spaces, still counts as only 1 bird for goals and bonus cards that count birds.	https://stonemaiergames.com/games/wingspan/rules/comment-page-26/#comment-42388
20200420		Anna's Hummingbird	Any player may decline to take food from the birdfeeder when this bird's power is activated, and they do not get a second chance during that activation.	https://stonemaiergames.com/games/wingspan/rules/comment-page-17/#comment-38101
20200405a		Anna's Hummingbird	You may choose yourself as the player who gains food first.	https://stonemaiergames.com/games/wingspan/rules/comment-page-15/#comment-37735
20200411		Eurasian Tree Sparrow	``Gain food'' here means only the basic action, not gaining food (or laying eggs) from a card power.	https://stonemaiergames.com/games/wingspan/rules/comment-page-16/#comment-37907
20200725		Eurasian Tree Sparrow	If the birdfeeder contains no [seed] you gain nothing, but the power still counts as used and cannot be activated again until after your next turn. Whether the birdfeeder was reset first is irrelevant.	https://stonemaiergames.com/games/wingspan/rules/comment-page-22/#comment-40387
20200413		Barn Swallow	There is no limit to the number of [card] that may be tucked behind a bird.	https://stonemaiergames.com/games/wingspan/rules/comment-page-16/#comment-37939
20230309		Ethologist	At the end of the game, choose one habitat (row), ignore the other two, and score 2 points for each \textit{distinct} power color present in that row (including white/no power), not 2 points per bird. Multiple birds of the same color score that color only once, so 4 brown and 1 white bird score 4 points; the maximum is 8 points, from at least 4 birds of 4 different colors in one row.	https://stonemaiergames.com/games/wingspan/wingspan-european-expansion/comment-page-10/#comment-59531
20260116		Ethologist	Hummingbird cards are birds and count toward bonus cards in the ordinary way, including \textbf{Ethologist}.	https://stonemaiergames.com/games/wingspan/wingspan-americas-expansion/comment-page-7/#comment-143888
20201002		Ruby-Throated Hummingbird	[nectar] is wild for playing birds and may be spent for any food in a bird's cost, including a single [nectar] to pay a cost of 1 [seed], but cannot be substituted when a bird's power refers to a specific food type.	https://stonemaiergames.com/games/wingspan/wingspan-oceania-expansion/comment-page-14/#comment-41634
20200420		Ruby-Throated Hummingbird	Any player may decline to take food from the birdfeeder when this power is activated, and they do not get a second chance during that activation.	https://stonemaiergames.com/games/wingspan/rules/comment-page-17/#comment-38101
20230909		Ruby-Throated Hummingbird	``The player of your choice'' includes yourself, so you may take the first [die] from the birdfeeder.	https://stonemaiergames.com/games/wingspan/rules/comment-page-61/#comment-62836
20200422		European Robin	\textbf{European Robin}'s power only applies at the moment it is activated: gain 1 food of a type you have already gained earlier in that same turn (for example, food gained by placing the action cube in the [forest] before moving the cube left onto this bird). It does not grant extra food at any other time.	https://stonemaiergames.com/games/wingspan/rules/comment-page-17/#comment-38165
20211123		Sandhill Crane	[nectar] cannot be substituted for a specific food type demanded by a bird power; \textbf{Sandhill Crane}'s ``Discard 1 [seed]'' must be paid with [seed].	https://stonemaiergames.com/games/wingspan/rules/comment-page-39/#comment-48918
20200423		Sandhill Crane	The discard of 1 [seed] is a cost, not something you may substitute or skip: no [seed], no tuck.	https://stonemaiergames.com/games/wingspan/rules/comment-page-17/#comment-38179
20200430		Red-Legged Partridge	You may activate this bird's power even if one or more birds in the column already have the maximum number of [egg] they can hold; lay [egg] on the birds that can receive them.	https://stonemaiergames.com/games/wingspan/rules/comment-page-18/#comment-38313
20200508		Clark's Grebe	You do not need to reserve a [card] in hand to satisfy \textbf{Clark's Grebe}'s power; if you end your turn with no [card] in hand, there is nothing to discard and that is fine.	https://stonemaiergames.com/games/wingspan/rules/comment-page-18/#comment-38466
20220826		Common Raven	The [wild] symbol always includes [nectar], so \textbf{Common Raven} may take [nectar] from the supply; you are never obligated to choose it. The Oceania rulebook suggests removing \textbf{Common Raven} and \textbf{Chihuahuan Raven} from the deck if players find this too powerful.	https://stonemaiergames.com/games/wingspan/rules/comment-page-48/#comment-54600
20200623		Common Raven	The 2 [wild] may be two food tokens of the same type or of two different types.	https://stonemaiergames.com/games/wingspan/rules/comment-page-20/#comment-39578
20200703		American Crow	\textbf{Rodentologist} counts only birds with the [rodent] symbol specifically; a [wild] food symbol (e.g., \textbf{American Crow}) does not count.	https://stonemaiergames.com/games/wingspan/rules/comment-page-21/#comment-39895
20201002		Mourning Dove	[nectar] is wild for playing birds and may be spent for any food in a bird's cost, including a single [nectar] to pay a cost of 1 [seed]. [nectar] cannot be substituted when a bird's power refers to a specific food type.	https://stonemaiergames.com/games/wingspan/wingspan-oceania-expansion/comment-page-14/#comment-41634
20250912		Kākāpō	When the order of Game End powers matters, activate them in clockwise order starting with the player who has the first-player token.	https://stonemaiergames.com/games/wingspan/rules/comment-page-76/#comment-133140
20201005		Kākāpō	Using a yellow (game end) power is optional; you may choose not to activate it.	https://stonemaiergames.com/games/wingspan/wingspan-oceania-expansion/comment-page-16/#comment-41726
20220429		Great Horned Owl	\textbf{Great Horned Owl}'s power says ``Look at a [card] from the deck,'' so it must use the top card of the deck; a face-up card from the tray may not be used. By contrast, a power that does not specify a source, such as \textbf{Forster's Tern}'s ``Draw 1 [card],'' lets you take either a face-up card or the top card of the deck.	https://stonemaiergames.com/games/wingspan/rules/comment-page-46/#comment-52245
20201006		Great Horned Owl	\textbf{Great Horned Owl}'s beak points straight forward, neither left nor right; the rulebook's list of such birds includes it.	https://stonemaiergames.com/games/wingspan/wingspan-oceania-expansion/comment-page-16/#comment-41777
20220804		Wrybill	A bonus card discarded to score \textbf{Red-Crowned Crane} goes to the discarded bonus card pile and may be retrieved later with \textbf{Wrybill}, allowing the same bonus card to be scored twice.	https://stonemaiergames.com/games/wingspan/wingspan-asia/comment-page-4/#comment-54054
20220903		Wrybill	\textbf{Wrybill} counts as pointing left for goals and bonus cards that care about bill direction: although the bird faces straight ahead, its bill points toward the left side of the card. What matters is the bill, not the bird's face. The rulebook lists the birds that face forward but whose beaks point left or right.	https://stonemaiergames.com/games/wingspan/wingspan-oceania-expansion/comment-page-35/#comment-54693
20201008		Pūkeko	Adjacent birds are those immediately to the left, right, above, or below the bird in question.	https://stonemaiergames.com/games/wingspan/wingspan-oceania-expansion/comment-page-18/#comment-41826
20201020		Common Cuckoo	\textbf{Common Cuckoo} correctly has no nest type and no egg limit; as a brood parasite it lays its eggs in other birds' nests, matching its power.	https://stonemaiergames.com/games/wingspan/rules/comment-page-25/#comment-42073
20241223		Sacred Kingfisher	Gaining food from the birdfeeder with \textbf{Sacred Kingfisher}'s power counts as a successful [predator] action, so it can trigger another player's power that responds to a successful predator (e.g. \textbf{Turkey Vulture}). It cannot trigger the pink power of the player whose turn it is, because \textbf{Sacred Kingfisher}'s power resolves as the final step of that player's turn, not between turns.	https://stonemaiergames.com/games/wingspan/rules/comment-page-72/#comment-108675
20201104		American Woodcock	The \textbf{white \& no powers} end-of-round goal counts both birds with ``when played'' powers (white cards, e.g. \textbf{Common Blackbird}) and birds with no powers at all (e.g. \textbf{American Woodcock}, \textbf{Wild Turkey}). \textbf{Common Blackbird}, though placed sideways across 2 [forest] spaces, still counts as only 1 bird for goals and bonus cards that count birds.	https://stonemaiergames.com/games/wingspan/rules/comment-page-26/#comment-42388
20210330		Breeding Manager	Count only [egg] tokens sitting on a bird card at game end; eggs printed on the card art do not count.	https://stonemaiergames.com/games/wingspan/rules/comment-page-33/#comment-45468
20201104a		Breeding Manager	Any bird with 4 or more [egg] on it at game end counts; the number does not have to be exactly 4.	https://stonemaiergames.com/games/wingspan/rules/comment-page-26/#comment-42392
20201116		Canvasback	\textit{Back} is a body part for this bonus card, as listed in the \textit{European Expansion} rulebook (``Anatomist (birds with body parts in their names): back, leg, toe''), so \textbf{Canvasback} counts toward it.	https://stonemaiergames.com/games/wingspan/rules/comment-page-27/#comment-42572
20240115		Galah	The two clauses of \textbf{Galah}'s power are independent; the order is simply order of operations. Even if the chosen player does not find a [seed] in the birdfeeder, you still tuck 2 [card] from the deck behind this bird.	https://stonemaiergames.com/games/wingspan/rules/comment-page-66/#comment-66208
20201203a		Black-Billed Magpie	If another player activates \textbf{Laughing Kookaburra}'s [predator] power and it succeeds (they gain a food), \textbf{Black-Billed Magpie}'s power triggers and you gain 1 [die] from the birdfeeder.	https://stonemaiergames.com/games/wingspan/wingspan-oceania-expansion/comment-page-28/#comment-42820
20210321		Black-Billed Magpie	\textbf{Black-Billed Magpie} is not a predator bird and does not count for the \textbf{Falconer} bonus card; a bird is a predator only if it has the [predator] icon before its power text.	https://stonemaiergames.com/games/wingspan/rules/comment-page-32/#comment-45312
20201203a		Laughing Kookaburra	\textbf{Laughing Kookaburra} has a [predator] power. If another player activates it and it succeeds (they gain a food), \textbf{Black-Billed Magpie}'s power triggers and you gain 1 [die] from the birdfeeder.	https://stonemaiergames.com/games/wingspan/wingspan-oceania-expansion/comment-page-28/#comment-42820
20220826		Chihuahuan Raven	The [wild] symbol always includes [nectar], so \textbf{Chihuahuan Raven} may take [nectar] from the supply with its power. The Oceania rulebook suggests that players who find this too powerful remove \textbf{Chihuahuan Raven} and \textbf{Common Raven} from the deck when playing with the Oceania Expansion.	https://stonemaiergames.com/games/wingspan/rules/comment-page-48/#comment-54600
20201204a		Chihuahuan Raven	The [wild] (``any food'') symbol includes [nectar] among the foods you may choose, but you are never obligated to choose [nectar].	https://stonemaiergames.com/games/wingspan/wingspan-oceania-expansion/comment-page-28/#comment-42860
20201205		Grey Shrikethrush	[nectar] is wild for paying bird costs and may be spent in place of any specific food, but a [nectar] icon in a cost must be paid with [nectar]; only a [wild] icon accepts any food.	https://stonemaiergames.com/games/wingspan/wingspan-oceania-expansion/comment-page-28/#comment-42873
20220605		Spangled Drongo	\textbf{Spangled Drongo} only triggers between your turns, never on your own turn. If you activate \textbf{Eastern Rosella} on your turn, causing all players to gain 1 [nectar], \textbf{Spangled Drongo} does not activate.	https://stonemaiergames.com/games/wingspan/wingspan-oceania-expansion/comment-page-34/#comment-52958
20220509		Spangled Drongo	When another player uses \textbf{Green Heron}'s power to trade a food token for [nectar], that counts as gaining [nectar], so \textbf{Spangled Drongo} triggers - it is not a net gain of food, but it is still a gain.	https://stonemaiergames.com/games/wingspan/rules/comment-page-46/#comment-52467
20201206		Spangled Drongo	Receiving [nectar] as a gift counts as gaining [nectar], so when a player uses \textbf{Red-Winged Parrot} to give [nectar] to another player, the receiving player has gained [nectar] and \textbf{Spangled Drongo} may be activated.	https://stonemaiergames.com/games/wingspan/rules/comment-page-27/#comment-42903
20230722		Spangled Drongo	\textbf{Spangled Drongo} triggers when another player gains [nectar] from the supply by discarding [fruit] with \textbf{Mistletoebird}'s power.	https://stonemaiergames.com/games/wingspan/rules/comment-page-60/#comment-61811
20241228		Spangled Drongo	\textbf{Spangled Drongo} triggers whenever another player gains [nectar] by any means, not only with the ``gain food'' action - for example, if another player gains 1 [nectar] from the supply through a bird power. As a ``once between turns'' power, it can trigger only once between each of your turns.	https://stonemaiergames.com/games/wingspan/rules/comment-page-72/#comment-109108
20220820		Kea	Deciding how many additional bonus cards to draw, and discarding the corresponding [wild], is a one-time decision, so you cannot discard food one at a time.	https://stonemaiergames.com/games/wingspan/rules/comment-page-48/#comment-54464
20230329		Kea	You look at the first bonus card drawn with \textbf{Kea}'s power before deciding how many additional bonus cards to draw.	https://stonemaiergames.com/games/wingspan/rules/comment-page-57/#comment-59935
20210403		Kea	You keep only 1 bonus card out of all those drawn with this power, including the first one drawn before discarding [wild].	https://stonemaiergames.com/games/wingspan/rules/comment-page-30/#comment-45550
20201230a		Mechanical Engineer	A bonus card with tiered scoring awards only the amount for the tier reached, not points per qualifying bird. On \textbf{Cartographer} you must have at least 2 qualifying birds to score 3 points and at least 4 to score 7 points.	https://stonemaiergames.com/games/wingspan/rules/comment-page-29/#comment-43330
20201227		Mechanical Engineer	Only one scoring category on a bonus card is scored: score either for 1 set of the 4 nest types or for 2 or more sets, not both.	https://stonemaiergames.com/games/wingspan/wingspan-oceania-expansion/comment-page-29/#comment-43227
20210117		Korimako	The [rodent] discarded for \textbf{Korimako}'s power cannot be cached food; cached food may only be spent when a card specifically refers to it, and otherwise is only worth points.	https://stonemaiergames.com/games/wingspan/rules/comment-page-31/#comment-43674
20230109		Korimako	The [rodent] come from your own personal supply, not from the birdfeeder; throughout the rulebook, ``discard'' refers to paying food from your supply.	https://stonemaiergames.com/games/wingspan/rules/comment-page-54/#comment-58001
20210123		Australian Shelduck	This bird's power allows resetting or refilling the tray only once; you may not keep resetting until a [cavity] or [star] nest bird appears.	https://stonemaiergames.com/games/wingspan/wingspan-oceania-expansion/comment-page-31/#comment-43813
20220429		Forster's Tern	\textbf{Forster's Tern}'s ``Draw 1 [card]'' does not specify a source, so you may take either a face-up card from the tray or the top card of the deck. (Contrast \textbf{Great Horned Owl}, whose ``Look at a [card] from the deck'' must use the top card of the deck.)	https://stonemaiergames.com/games/wingspan/rules/comment-page-46/#comment-52245
20240903		Forster's Tern	The card drawn with \textbf{Forster's Tern} goes into your hand; \textbf{Great Crested Grebe} and \textbf{Wilson's Storm Petrel} work differently, keeping their drawn cards separate from your hand until the end of your turn, when you keep 1 and discard the rest.	https://stonemaiergames.com/games/wingspan/rules/comment-page-70/#comment-85569
20210124		Forster's Tern	\textbf{Forster's Tern} requires discarding from your hand, so if your hand is empty at the end of your turn (for instance because you tucked all your cards with \textbf{Common Chiffchaff}), you discard nothing.	https://stonemaiergames.com/games/wingspan/rules/comment-page-31/#comment-43827
20231204		Common Chiffchaff	You do not need to keep a card in hand to satisfy \textbf{Wood Duck}'s power. If you draw 2 [card] with \textbf{Wood Duck} and then play or tuck all the cards in your hand (for example with \textbf{Common Chiffchaff}), having no card to discard at the end of your turn is legal.	https://stonemaiergames.com/games/wingspan/wingspan-european-expansion/comment-page-11/#comment-64737
20210124		Common Chiffchaff	Tucking all your cards with \textbf{Common Chiffchaff} can leave your hand empty, in which case \textbf{Forster's Tern}'s end-of-turn discard discards nothing.	https://stonemaiergames.com/games/wingspan/rules/comment-page-31/#comment-43827
20210127		Bluethroat	[nectar] counts as a food type for this bird's power, so you may choose [nectar] and all players gain 1 [nectar] from the supply.	https://stonemaiergames.com/games/wingspan/rules/comment-page-31/#comment-43910
20241229		Brown Falcon	A [wild] food cost symbol does not count as an [invertebrate] or a [rodent] for \textbf{Brown Falcon}: a card whose food cost includes only [wild] is discarded rather than tucked.	https://stonemaiergames.com/games/wingspan/wingspan-oceania-expansion/comment-page-39/#comment-109169
20210130		California Quail	For end-of-round goals that name two food types in the food cost of your birds, count every icon of either type printed in the food costs of your played birds; a single bird does not need to require both. For example, with 5 [fruit] icons and 8 [seed] icons among your played birds, your number for the goal is 13.	https://stonemaiergames.com/games/wingspan/wingspan-oceania-expansion/comment-page-31/#comment-43973
20210130		Cassin's Finch	For end-of-round goals that name two food types in the food cost of your birds, count every icon of either type printed in the food costs of your played birds; a single bird does not need to require both. For example, with 5 [fruit] icons and 8 [seed] icons among your played birds, your number for the goal is 13.	https://stonemaiergames.com/games/wingspan/wingspan-oceania-expansion/comment-page-31/#comment-43973
20231204		Wood Duck	You do not need to keep a card in hand to discard: if you draw 2 [card] with \textbf{Wood Duck} and then play or tuck your whole hand (for example with \textbf{Common Chiffchaff}), having nothing to discard at the end of your turn is legal.	https://stonemaiergames.com/games/wingspan/wingspan-european-expansion/comment-page-11/#comment-64737
20210130		Wood Duck	For end-of-round goals that name two food types in the food cost of your birds, count every icon of either type printed in the food costs of your played birds; a single bird does not need to require both. For example, with 5 [fruit] icons and 8 [seed] icons among your played birds, your number for the goal is 13.	https://stonemaiergames.com/games/wingspan/wingspan-oceania-expansion/comment-page-31/#comment-43973
20210306		Plains-Wanderer	When counting birds in your [grassland] for this bird's power, include \textbf{Plains-Wanderer} itself. If it were excluded, the power would say ``each other bird''.	https://stonemaiergames.com/games/wingspan/rules/comment-page-32/#comment-45002
20210321a		Gould's Finch	With no open space in the habitat for the bird, you cannot use \textbf{Gould's Finch}'s power at all: if you can't play the bird, you don't get to use its ``when played'' or ``game end'' power either.	https://stonemaiergames.com/games/wingspan/wingspan-oceania-expansion/comment-page-32/#comment-45315
20260728		Gould's Finch	When a bird is played using a ``game end'' (yellow) power such as \textbf{Dovekie} or \textbf{Yellow-Eyed Penguin}, you still gain the benefits of its ``when played'' (white) and ``game end'' (yellow) powers, even if the yellow power does not say so. \textbf{Gould's Finch} states this explicitly only for extra clarity.	https://stonemaiergames.com/games/wingspan/rules/comment-page-82/#comment-164640
20220605a		Grey-Headed Mannikin	Nectar in your personal supply is returned to the supply during step 2 of the end of round 6, before ``game end'' powers such as \textbf{Grey-Headed Mannikin}'s are activated, so that nectar is no longer available to help pay the food cost of the bird played with this power.	https://stonemaiergames.com/games/wingspan/rules/comment-page-47/#comment-52960
20210321a		Grey-Headed Mannikin	With no open space in the habitat for the bird, you cannot use \textbf{Grey-Headed Mannikin}'s power at all: if you can't play the bird, you don't get to use its ``when played'' or ``game end'' power either.	https://stonemaiergames.com/games/wingspan/wingspan-oceania-expansion/comment-page-32/#comment-45315
20260728		Grey-Headed Mannikin	When a bird is played using a ``game end'' (yellow) power such as \textbf{Dovekie} or \textbf{Yellow-Eyed Penguin}, you still gain the benefits of its ``when played'' (white) and ``game end'' (yellow) powers, even if the yellow power does not say so. \textbf{Grey-Headed Mannikin} states this explicitly only for extra clarity.	https://stonemaiergames.com/games/wingspan/rules/comment-page-82/#comment-164640
20210624		Black-Shouldered Kite	The player you give the [rodent] to must accept it; they cannot decline in order to prevent you from laying eggs.	https://stonemaiergames.com/games/wingspan/rules/comment-page-33/#comment-46795
20230321		Black-Shouldered Kite	All 3 [egg] are laid at once as part of resolving the power, essentially ``lay 3 [egg] on this bird if you can''; eggs already on the bird may limit its remaining egg capacity.	https://stonemaiergames.com/games/wingspan/rules/comment-page-57/#comment-59781
20210805		Wedge-Tailed Eagle	The condition ``If its wingspan is over 65cm'' is correct and not a misprint; unlike other predators, this bird tucks the drawn [card] when the wingspan is large.	https://stonemaiergames.com/games/wingspan/rules/comment-page-35/#comment-47481
20210823		Australian Magpie	End-of-round goals are scored before end-of-game powers are activated (steps 4 and 6 of the ``End of Round Reference'' tile included with the \textit{Oceania Expansion}). Score the end-of-round goal first, then activate \textbf{Australian Magpie}, so discarding [egg] with its power cannot change your score for an egg-based goal.	https://stonemaiergames.com/games/wingspan/wingspan-oceania-expansion/comment-page-33/#comment-47788
20210830		Brown Pelican	Powers that say ``Roll all dice not in birdfeeder'' are always resolved outside of the birdfeeder: do not roll those dice back into the birdfeeder. Only the dice rolled outside the birdfeeder are considered, not the dice sitting in the birdfeeder. If there are no dice outside the birdfeeder, this power has no dice to roll and gains nothing. Also, a ``When Played'' power resolves only after the bird has been played, so its cost must be paid first---you cannot use \textbf{Brown Pelican}'s power to gain the [fish] needed to pay for it. When a power refers to the ``player(s) with the fewest'' something, the ``(s)'' means that if several players are tied for the fewest, they all gain the benefit. Eggs must always be placed on a nest with available space; you may not hold eggs to the side of your player mat.	https://stonemaiergames.com/games/wingspan/rules/comment-page-36/#comment-47869
20210830		Anhinga	Powers that say ``Roll all dice not in birdfeeder'' are always resolved outside of the birdfeeder: do not roll those dice back into the birdfeeder. Only the dice rolled outside the birdfeeder are considered, not the dice sitting in the birdfeeder. If there are no dice outside the birdfeeder, this power has no dice to roll and gains nothing. Also, a ``When Played'' power resolves only after the bird has been played, so its cost must be paid first---you cannot use \textbf{Brown Pelican}'s power to gain the [fish] needed to pay for it. When a power refers to the ``player(s) with the fewest'' something, the ``(s)'' means that if several players are tied for the fewest, they all gain the benefit. Eggs must always be placed on a nest with available space; you may not hold eggs to the side of your player mat.	https://stonemaiergames.com/games/wingspan/rules/comment-page-36/#comment-47869
20260503		Clark's Nutcracker	These powers are literal and the ``may'' is a genuine choice: food you gain goes to your supply, and you may instead choose to cache any or all of it on this bird, where it scores 1 point at the end of the game instead of being available to spend.	https://stonemaiergames.com/games/wingspan/rules/comment-page-80/#comment-155493
20210902		Clark's Nutcracker	The gained [seed] goes to your personal supply unless you choose to cache it on this bird; caching is optional.	https://stonemaiergames.com/games/wingspan/rules/comment-page-37/#comment-47905
20211213		Blyth's Hornbill	A bird with a [star] (wild) nest counts as having a [cavity] nest for \textbf{Blyth's Hornbill}, so you may discard all [egg] from a bird with a [star] nest.	https://stonemaiergames.com/games/wingspan/wingspan-oceania-expansion/comment-page-34/#comment-49247
20220111		Budgerigar	\textbf{Budgerigar} is a brown ``when activated'' bird; the Oceania appendix listing it as ``when played'' is an error.	https://stonemaiergames.com/games/wingspan/rules/comment-page-41/#comment-49808
20231010		Budgerigar	A [star] wingspan bird may be treated as any wingspan you choose at the moment it matters, so you may decide whether a [star] bird in the tray counts as the smallest bird.	https://stonemaiergames.com/games/wingspan/rules/comment-page-62/#comment-63580
20220130		Spotless Crake	You are always limited by the [egg] limit of each bird, including when laying [egg] with an end-of-round or game-end power; if the birds in your [wetland] are already at their [egg] limit, no [egg] can be laid.	https://stonemaiergames.com/games/wingspan/rules/comment-page-41/#comment-50138
20231229		Black Vulture	A [predator] power ``succeeds'' when its element of chance produces the result it is looking for (for example, looking at the top card of the deck and finding a bird with a small enough wingspan to tuck). \textbf{Black Vulture}'s power triggers whenever another player's [predator] finds what it is looking for.	https://stonemaiergames.com/games/wingspan/rules/comment-page-64/#comment-65197
20220209		Black Vulture	Activate this power immediately when another player's [predator] succeeds, not at the end of that player's turn.	https://stonemaiergames.com/games/wingspan/rules/comment-page-42/#comment-50437
20220213a		American White Pelican	You must discard an actual [fish] to activate \textbf{American White Pelican}; food substitutions only apply when playing a bird, not when paying a cost in a bird's power.	https://stonemaiergames.com/games/wingspan/rules/comment-page-42/#comment-50541
20220305		Common Loon	Zero birds counts as the fewest birds, so a player with no birds in their [wetland] can be the player with the fewest birds and draw 1 [card].	https://stonemaiergames.com/games/wingspan/rules/comment-page-43/#comment-51007
20220411		Royal Spoonbill	As you draw face-up cards, they are not immediately refilled. Instead, wait until the end of your turn before refilling empty spaces on the bird tray. \textbf{Royal Spoonbill} allows you to reset (discard all cards on the tray and refill it) or refill the tray before drawing.	https://stonemaiergames.com/games/wingspan/rules/comment-page-45/#comment-51717
20250609		Australian Ibis	The bird card display is refilled at the end of each player's turn, including the final turn of a round, so it is refilled after a turn using \textbf{Australian Ibis}. The round-end steps then completely refresh the card row.	https://stonemaiergames.com/games/wingspan/rules/comment-page-74/#comment-126109
20220430		Australian Ibis	Discarded bird cards and bonus cards are discarded face up, including the card discarded when using \textbf{Australian Ibis}'s power.	https://stonemaiergames.com/games/wingspan/rules/comment-page-46/#comment-52256
20220528		Parrot Crossbill	When activating \textbf{Parrot Crossbill}, if all dice in the birdfeeder show the same face you may first refill the birdfeeder by rolling all dice, even though the [seed] is gained from the supply rather than from the die you remove.	https://stonemaiergames.com/games/wingspan/rules/comment-page-47/#comment-52794
20220804		Red-Crowned Crane	A bonus card discarded to score \textbf{Red-Crowned Crane} goes to the discarded bonus card pile and may be retrieved later with \textbf{Wrybill}, allowing the same bonus card to be scored twice.	https://stonemaiergames.com/games/wingspan/wingspan-asia/comment-page-4/#comment-54054
20230226a		Red-Crowned Crane	A bonus card discarded via \textbf{Red-Crowned Crane} cannot be scored at game end, so \textbf{Great Indian Bustard}'s instruction to ``also score it normally at game end'' no longer applies to that bonus card.	https://stonemaiergames.com/games/wingspan/rules/comment-page-56/#comment-59321
20240120		Red-Crowned Crane	\textbf{Great Indian Bustard}'s ``Also score it normally at game end'' only clarifies that scoring the bonus card immediately does not prevent scoring it again at game end; you score it at game end only if you still have that bonus card. If you later discard that same bonus card (for example with \textbf{Red-Crowned Crane}), you do not score it at game end.	https://stonemaiergames.com/games/wingspan/rules/comment-page-66/#comment-66343
20221226		Red-Crowned Crane	When scoring a bonus card immediately with \textbf{Red-Crowned Crane}, ignore any ``at game end'' wording on the bonus card and score it based on the current game state. For \textbf{Winter Feeder}, score based on the food currently in your personal supply.	https://stonemaiergames.com/games/wingspan/rules/comment-page-53/#comment-57681
20220814		Behaviorist	For \textbf{Behaviorist}, a column is a straight stack of card slots within a single row position across the three habitats. The birds with 3 different power colors must all be in the same column; colors matched diagonally or in other arrangements do not count.	https://stonemaiergames.com/games/wingspan/rules/comment-page-48/#comment-54303
20220824		Masked Lapwing	When using \textbf{Masked Lapwing}'s power, a die showing two food types (such as a [nectar] face) counts as both types: gain 1 of each type shown, up to a maximum of 1 of each type overall.	https://stonemaiergames.com/games/wingspan/rules/comment-page-48/#comment-54558
20260206		Rose-Ringed Parakeet	\textbf{Rose-Ringed Parakeet} does not count for bonus cards that reward birds letting you score or draw bonus cards (such as \textbf{Endangered Species Protector}), even if the power it copied did so. Only the abilities printed on the card matter during bonus scoring.	https://stonemaiergames.com/games/wingspan/wingspan-european-expansion/comment-page-13/#comment-146650
20251108		Rose-Ringed Parakeet	Resolve the copied ``When Played'' power as if its text replaced \textbf{Rose-Ringed Parakeet}'s own: it applies to your board, not your neighbor's. Copying \textbf{Great Indian Bustard} therefore scores one of your own bonus cards, caching [seed] on \textbf{Rose-Ringed Parakeet}.	https://stonemaiergames.com/games/wingspan/rules/comment-page-77/#comment-137379
20250514		Rose-Ringed Parakeet	\textbf{Rose-Ringed Parakeet} copies only the ``When Played'' power, not the copied bird's food cost, and the power only does what it can do for the copying bird: copying \textbf{Eastern Imperial Eagle} or \textbf{Bonelli's Eagle} does nothing, because \textbf{Rose-Ringed Parakeet} has no [rodent] in its own cost.	https://stonemaiergames.com/games/wingspan/wingspan-asia/comment-page-20/#comment-124185
20230516		Rose-Ringed Parakeet	The copied power lasts for that turn only; at the end of the turn \textbf{Rose-Ringed Parakeet} no longer has it, so a copied bonus-card power does not make it count toward the \textbf{Endangered Species} bonus card at game end. Copying \textbf{Bonelli's Eagle} or \textbf{Eastern Imperial Eagle} does nothing, since those powers refer to [rodent] in the bird's cost and \textbf{Rose-Ringed Parakeet} costs no [rodent].	https://stonemaiergames.com/games/wingspan/rules/comment-page-58/#comment-60645
20221005		Rose-Ringed Parakeet	A ``neighbor'' in Wingspan is the players to your immediate left and right, not all players at the table.	https://stonemaiergames.com/games/wingspan/wingspan-asia/comment-page-6/#comment-55259
20221101		Sri Lanka Blue-Magpie	The [wild] (``any food'') symbol always includes [nectar], so you may cache [nectar] with this bird's power if you still have [nectar] in your supply when the round-end power activates.	https://stonemaiergames.com/games/wingspan/wingspan-asia/comment-page-11/#comment-55920
20230107		Great Cormorant	For powers that roll ``any'' dice you may roll dice from inside the birdfeeder, outside it, or a mix; dice taken from the birdfeeder stay out of it after rolling, until the birdfeeder is refilled.	https://stonemaiergames.com/games/wingspan/rules/comment-page-54/#comment-57991
20230830		Great Cormorant	If there is no [fish] cached on \textbf{Great Cormorant}, ignore the first clause and go straight to rolling 2 [die]; move 1 [fish] to your supply only when one is cached there.	https://stonemaiergames.com/games/wingspan/wingspan-asia/comment-page-17/#comment-62565
20221106a		Wetland Ranger	Tied scores do not count as ascending or descending—5 is not higher than 5—so a run of birds worth 5, 5, 3, 3, 3 points does not form an ascending or descending sequence.	https://stonemaiergames.com/games/wingspan/wingspan-asia/comment-page-13/#comment-56613
20230615		Forest Ranger	The Ranger bonus cards use strict ascending/descending, so repeated point values break the series (unlike \textbf{Data Analyst}, which explicitly allows equal wingspans). With scores of 6, 5, 5, 4, 3 in [forest], \textbf{Forest Ranger} scores only the longest strictly ascending or descending series: 5, 4, 3.	https://stonemaiergames.com/games/wingspan/rules/comment-page-59/#comment-61075
20221228a		Forest Ranger	Tied scores do not count as ascending or descending - 5 is not higher than 5 - so scores of 1-2-2-3-5 in [forest] count as a sequence of three, not five, and a run of 5, 5, 3, 3, 3 forms no sequence at all.	https://stonemaiergames.com/games/wingspan/rules/comment-page-53/#comment-57716
20221106a		Grassland Ranger	Tied scores do not count as ascending or descending—5 is not higher than 5—so a run of birds worth 5, 5, 3, 3, 3 points does not form an ascending or descending sequence.	https://stonemaiergames.com/games/wingspan/wingspan-asia/comment-page-13/#comment-56613
20221109		Sri Lanka Frogmouth	The second sentence of \textbf{Sri Lanka Frogmouth}'s power is not dependent on the first: all players may discard 1 [card] to gain 1 [invertebrate] regardless of whether the die roll succeeded.	https://stonemaiergames.com/games/wingspan/wingspan-asia/comment-page-13/#comment-56767
20230412		Hermit Thrush	Zero counts as ``fewest'': player(s) with no birds in their [forest] gain 1 [die] from the birdfeeder.	https://stonemaiergames.com/games/wingspan/rules/comment-page-58/#comment-60160
20221112		Hermit Thrush	You may decline to activate \textbf{Hermit Thrush}, but if you do activate it, the player(s) with the fewest birds in their [forest] gain their [die] - activating a power is optional, but the whole power then resolves.	https://stonemaiergames.com/games/wingspan/rules/comment-page-51/#comment-56868
20221111		Eurasian Kestrel	When a power tells you to roll ``any'' dice, you choose where those dice come from (birdfeeder or table). The dice you roll are placed on the table.	https://stonemaiergames.com/games/wingspan/rules/comment-page-51/#comment-56861
20221121		Brolga	Any player may decline a benefit, whether it comes from their own power or from another player's power. With \textbf{Brolga}, the chosen player may decline to lay the [egg], and you still draw 2 [card] either way. Having food stolen is not a benefit, so a player being stolen from has no choice.	https://stonemaiergames.com/games/wingspan/rules/comment-page-52/#comment-57095
20221123		Indian Peafowl	Unless a power specifies that cards must be drawn from the deck or from the bird tray, you may choose where to draw each [card] from: the face-up cards in the bird tray or the top of the deck. On \textbf{Indian Peafowl}, the additional [card] you draw may come from either source, even though the first 2 [card] must come from the deck.	https://stonemaiergames.com/games/wingspan/wingspan-asia/comment-page-14/#comment-57139
20221125		Plumbeous Redstart	The other players keep the [card] they drew only if that card has a [invertebrate] or [seed] in its food cost; it is not the card you drew that determines this. Despite the different wording, the power works the same way as \textbf{Little Egret}.	https://stonemaiergames.com/games/wingspan/rules/comment-page-52/#comment-57168
20221207		Plumbeous Redstart	The other players must reveal the [card] they draw, to prove whether it has a [invertebrate] or [seed] in its food cost.	https://stonemaiergames.com/games/wingspan/rules/comment-page-52/#comment-57390
20221125		Little Egret	With \textbf{Plumbeous Redstart}, the other players keep the [card] they drew only if that card has a [invertebrate] or [seed] in its food cost; it is not the card you drew that determines this. Despite the different wording, the power works the same way as \textbf{Little Egret}.	https://stonemaiergames.com/games/wingspan/rules/comment-page-52/#comment-57168
20250225		Spoon-Billed Sandpiper	If \textbf{Spoon-Billed Sandpiper} is played at game end (for instance via a yellow power that lets you play a bird then), its power is still followed in full, including the portion letting other players discard any 2 resources to draw 2 new bonus cards and keep 1.	https://stonemaiergames.com/games/wingspan/rules/comment-page-73/#comment-116224
20221210		Spoon-Billed Sandpiper	The 2 resources other players discard must come from their personal supply; cached food on birds may not be discarded for this.	https://stonemaiergames.com/games/wingspan/rules/comment-page-52/#comment-57444
20221216		Forest Owlet	Dice chosen for this power are rolled outside the birdfeeder. If choosing them empties the birdfeeder, all 5 [die] are rerolled into the birdfeeder (resetting it) once the rolling is complete, before play continues.	https://stonemaiergames.com/games/wingspan/wingspan-asia/comment-page-15/#comment-57514
20230107		Forest Owlet	Where a power says to roll ``any'' dice, you may choose whether the dice come from the birdfeeder or from outside it. Either way, dice rolled for a bird power stay out of the birdfeeder.	https://stonemaiergames.com/games/wingspan/rules/comment-page-54/#comment-57991
20221224		Red-Bellied Woodpecker	Because caching is optional, you may instead add the [seed] gained with \textbf{Red-Bellied Woodpecker}'s power to your personal food supply.	https://stonemaiergames.com/games/wingspan/rules/comment-page-52/#comment-57609
20250524		Winter Feeder	[seed] cached on \textbf{Coal Tit} or \textbf{Eurasian Nuthatch} is not in your supply, so it does not count toward \textbf{Winter Feeder} even though you may spend it at any time.	https://stonemaiergames.com/games/wingspan/rules/comment-page-68/#comment-124932
20221226		Winter Feeder	When scoring this bonus card immediately with \textbf{Red-Crowned Crane}, ignore the ``at game end'' wording and score based on the food currently in your personal supply.	https://stonemaiergames.com/games/wingspan/rules/comment-page-53/#comment-57681
20250201		Winter Feeder	\textbf{Great Indian Bustard} can score bonus cards that specify ``at end of game'' or ``at game end,'' such as \textbf{Visionary Leader} and \textbf{Winter Feeder}, when its power is used mid-game.	https://stonemaiergames.com/games/wingspan/rules/comment-page-72/#comment-112572
20231212		Small Minivet	A duet token placed in the reset box of the Asia goal mat cannot be removed to reset the bird tray or the birdfeeder on the same turn it was placed; only on a later turn. Duet tokens are placed between steps 5 and 6 of your turn, so a bird that lets you play an additional bird (e.g. \textbf{Small Minivet}) does not allow you to spend a token placed earlier in that same turn.	https://stonemaiergames.com/games/wingspan/wingspan-asia/comment-page-18/#comment-64870
20221226a		Small Minivet	Only the food types named on \textbf{Small Minivet} itself may be ignored in the cost of the additional bird - the printed text takes precedence over the general wording in the appendix.	https://stonemaiergames.com/games/wingspan/wingspan-asia/comment-page-15/#comment-57687
20221226a		Trumpeter Finch	The text printed on \textbf{Small Minivet} and \textbf{Trumpeter Finch} takes precedence over the general wording in the appendix: only the food types named on the bird itself may be ignored in the cost of the additional bird.	https://stonemaiergames.com/games/wingspan/wingspan-asia/comment-page-15/#comment-57687
20221230		Violet Cuckoo	This bird's power may be used to lay an [egg] on a bird with an egg limit of 0, since it allows going 2 over the egg limit.	https://stonemaiergames.com/games/wingspan/wingspan-asia/comment-page-15/#comment-57767
20230107		Desert Wheatear	Where a power says to roll ``any'' dice, you may choose whether the dice come from the birdfeeder or from outside it. Either way, dice rolled for a bird power stay out of the birdfeeder.	https://stonemaiergames.com/games/wingspan/rules/comment-page-54/#comment-57991
20240909		Desert Wheatear	\textbf{Desert Wheatear} counts toward the \textbf{Anatomist} bonus card (``ear'').	https://stonemaiergames.com/games/wingspan/rules/comment-page-70/#comment-86747
20240120		Great Indian Bustard	``Also score it normally at game end'' only clarifies that scoring the bonus card now does not prevent scoring it again at game end; you score it at game end only if you still hold that bonus card. Discard it later (for example with \textbf{Red-Crowned Crane}) and you score nothing at game end.	https://stonemaiergames.com/games/wingspan/rules/comment-page-66/#comment-66343
20251108		Great Indian Bustard	When \textbf{Rose-Ringed Parakeet} copies a neighbor's ``When Played'' power, resolve it as if the copied text replaced \textbf{Rose-Ringed Parakeet}'s own text: it applies to your board, not your neighbor's. Copying \textbf{Great Indian Bustard} therefore scores one of your own bonus cards, caching [seed] on \textbf{Rose-Ringed Parakeet}.	https://stonemaiergames.com/games/wingspan/rules/comment-page-77/#comment-137379
20250201		Great Indian Bustard	\textbf{Great Indian Bustard} can score bonus cards that specify ``at end of game'' or ``at game end,'' such as \textbf{Visionary Leader} and \textbf{Winter Feeder}, when its power is used mid-game.	https://stonemaiergames.com/games/wingspan/rules/comment-page-72/#comment-112572
20230125		Great Indian Bustard	Cache [seed] equal to the bonus card's value when the Bustard is played (each cached [seed] is worth 1 point), then score the same bonus card again at game end for its condition at that time. Example: \textbf{Visionary Leader} with 6 [card] in hand caches 4 [seed]; at game end score \textbf{Visionary Leader} for the [card] then in hand.	https://stonemaiergames.com/games/wingspan/rules/comment-page-55/#comment-58254
20250201		Visionary Leader	\textbf{Great Indian Bustard} can score bonus cards that specify ``at end of game'' or ``at game end,'' such as \textbf{Visionary Leader} and \textbf{Winter Feeder}, when its power is used mid-game.	https://stonemaiergames.com/games/wingspan/rules/comment-page-72/#comment-112572
20230219		Visionary Leader	Birds in hand that score for \textbf{Visionary Leader} do not count for \textbf{Endangered Species}, which counts only birds played on your player mat; cards referring to bird cards look only at played birds unless stated otherwise.	https://stonemaiergames.com/games/wingspan/rules/comment-page-56/#comment-59162
20230125		Visionary Leader	\textbf{Great Indian Bustard} caches [seed] equal to \textbf{Visionary Leader}'s value when the Bustard is played (each [seed] is worth 1 point), and \textbf{Visionary Leader} is also scored normally at game end. Example: 6 [card] in hand when the Bustard is played caches 4 [seed]; at game end score for the [card] then in hand.	https://stonemaiergames.com/games/wingspan/rules/comment-page-55/#comment-58254
20230225		Wilson's Storm Petrel	You must end the turn with at least 1 of the [card] drawn with \textbf{Wilson's Storm Petrel}, but the others may be disposed of in other ways during the turn (for example, tucked with \textbf{Common Grackle}) instead of being discarded.	https://stonemaiergames.com/games/wingspan/rules/comment-page-56/#comment-59298
20240903		Wilson's Storm Petrel	Keep the [card] drawn with \textbf{Wilson's Storm Petrel} separate from your hand until the end of your turn, when you keep 1 of them and discard the rest.	https://stonemaiergames.com/games/wingspan/rules/comment-page-70/#comment-85569
20231119a		Common Tailorbird	Eggs laid by \textbf{Common Tailorbird}'s end-of-game power do not count toward the round 4 end-of-round goal, because that goal is scored before game-end powers are activated. See the reference tile for the order of operations.	https://stonemaiergames.com/games/wingspan/rules/comment-page-63/#comment-64453
20231119		Common Tailorbird	For \textbf{Common Tailorbird}, ``contiguous'' means orthogonally adjacent: directly to the left, right, above, or below, never diagonal. The group may zig-zag across rows and columns as long as each bird in the group is orthogonally adjacent to at least one other bird in the group.	https://stonemaiergames.com/games/wingspan/rules/comment-page-63/#comment-64440
20230316		Blue Rock-Thrush	Duet tokens are only placed when you play a bird, so no one places a duet token when \textbf{Blue Rock-Thrush} or \textbf{Spotted Dove} moves to another player's mat. If a bird is later played on that space, a duet token is placed as normal.	https://stonemaiergames.com/games/wingspan/wingspan-asia/comment-page-16/#comment-59660
20240111		Spotted Dove	When \textbf{Spotted Dove} moves to another player's mat, any cached food, [egg], or tucked [card] on it are discarded (Wingspan Asia appendix, p. 9).	https://stonemaiergames.com/games/wingspan/rules/comment-page-65/#comment-66021
20230316		Spotted Dove	No duet token is placed when \textbf{Spotted Dove} moves to another player's mat, since duet tokens are only placed when you play a bird. If a bird is later played on that space, a duet token is placed as normal.	https://stonemaiergames.com/games/wingspan/wingspan-asia/comment-page-16/#comment-59660
20230514		Large-Billed Crow	When \textbf{Large-Billed Crow} caches [nectar], place it on the bird, not in your personal supply of spent [nectar].	https://stonemaiergames.com/games/wingspan/rules/comment-page-58/#comment-60606
20230529		Baya Weaver	\textbf{Baya Weaver} does not count toward the \textbf{Photographer} bonus card. That card looks for colors as words or as part of compound words, and ``Baya'' is its own word, not a compound of ``bay'' and ``a''.	https://stonemaiergames.com/games/wingspan/rules/comment-page-59/#comment-60794
20230722		Mistletoebird	\textbf{Spangled Drongo}'s power triggers when another player gains [nectar] in any way, including gaining [nectar] from the supply by discarding [fruit] with \textbf{Mistletoebird}'s power.	https://stonemaiergames.com/games/wingspan/rules/comment-page-60/#comment-61811
20230827		Carrion Crow	Powers that refer to types of birds (e.g., \textbf{Carrion Crow}, which caches 1 [rodent] for each [predator] a player has) always refer to birds played on a player mat, never to birds in hand.	https://stonemaiergames.com/games/wingspan/rules/comment-page-60/#comment-62523
20231112		Willie-Wagtail	\textbf{Willie-Wagtail}: you may reset the card tray only once per activation of this power. If no [card] with a [bowl] or [star] nest is available after that reset, you gain no card.	https://stonemaiergames.com/games/wingspan/wingspan-oceania-expansion/comment-page-37/#comment-64281
20240105		Blue-Winged Warbler	\textbf{Blue-Winged Warbler} may be played in either the [forest] or the [grassland].	https://stonemaiergames.com/games/wingspan/rules/comment-page-64/#comment-65691
20240219		Silvereye	For bonus cards that count birds with a color in their name, the color may be part of a larger word: \textbf{Silvereye} counts as a bird with a color in its name.	https://stonemaiergames.com/games/wingspan/rules/comment-page-67/#comment-67299
20240526		Wood Stork	``Wood'' (singular) in a bird's name is not a geography term for the \textbf{Cartographer} bonus card, so birds such as \textbf{Wood Stork} and woodswallows do not count.	https://stonemaiergames.com/games/wingspan/rules/comment-page-69/#comment-69544
20250619		Gray Wagtail	The 2 [wild] gained with \textbf{Gray Wagtail}'s round-end power may be taken as [nectar], but round-end powers resolve before unused [nectar] is discarded, so that [nectar] is immediately lost.	https://stonemaiergames.com/games/wingspan/rules/comment-page-69/#comment-127003
20240706		Willow Tit	The food cached by \textbf{Willow Tit} comes from the birdfeeder, so the corresponding die must be removed from the birdfeeder. If the birdfeeder contains no [invertebrate], [seed], or [fruit], nothing is cached.	https://stonemaiergames.com/games/wingspan/wingspan-asia/comment-page-19/#comment-70350
20240714		Eurasian Hoopoe	Your neighbors are only the players directly to your right and left — at most 2 players, regardless of the number of players in the game.	https://stonemaiergames.com/games/wingspan/wingspan-asia/comment-page-19/#comment-71919
20240903		Great Crested Grebe	With \textbf{Forster's Tern} you are not required to keep a card in hand for the end-of-turn discard; if you have tucked or otherwise used all of your cards, there is nothing to discard. \textbf{Great Crested Grebe} and \textbf{Wilson's Storm Petrel} work differently: keep the cards drawn with those powers separate from your hand until the end of your turn, when you keep 1 of them and discard the rest.	https://stonemaiergames.com/games/wingspan/rules/comment-page-70/#comment-85569
20241104		Red Junglefowl	\textbf{Red Junglefowl} counts toward the \textbf{Cartographer} bonus card, since ``jungle'' appears in its name.	https://stonemaiergames.com/games/wingspan/wingspan-asia/comment-page-20/#comment-98217
20241206		European Turtle Dove	With \textbf{European Turtle Dove}, first draw 1 new bonus card, then choose exactly one of the three benefits: gain 1 [die] from the birdfeeder, lay 1 [egg] on any bird, or draw 1 [card].	https://stonemaiergames.com/games/wingspan/rules/comment-page-71/#comment-104976
20241222		Red-Tailed Hawk	\textbf{Red-Tailed Hawk} draws from the top of the deck, not from the 3 face-up cards on the bird tray, so its power can always be activated — there will always be cards in the deck.	https://stonemaiergames.com/games/wingspan/rules/comment-page-72/#comment-108451
20250113		Greater Adjutant	You must score all of your bonus cards at the end of the game (even if you earn 0 [star] from them), so you cannot decline to score a bonus card because an opponent copied it with \textbf{Greater Adjutant} or \textbf{Indian Vulture} and would score more from it than you.	https://stonemaiergames.com/games/wingspan/rules/comment-page-72/#comment-110707
20250912		Greater Adjutant	When the order of Game End powers matters, activate them in clockwise order starting with the player who has the first-player token.	https://stonemaiergames.com/games/wingspan/rules/comment-page-76/#comment-133140
20250113		Indian Vulture	You must score all of your bonus cards at the end of the game (even if you earn 0 [star] from them), so you cannot decline to score a bonus card because an opponent copied it with \textbf{Greater Adjutant} or \textbf{Indian Vulture} and would score more from it than you.	https://stonemaiergames.com/games/wingspan/rules/comment-page-72/#comment-110707
20250912		Indian Vulture	When the order of Game End powers matters, activate them in clockwise order starting with the player who has the first-player token.	https://stonemaiergames.com/games/wingspan/rules/comment-page-76/#comment-133140
20250319		Common Myna	\textbf{Common Myna}'s habitat restriction applies only to where it can be played, not to where it can move. If it copies a power that moves a bird to another habitat, such as \textbf{Blue Grosbeak}'s, \textbf{Common Myna} may move out of the [grassland].	https://stonemaiergames.com/games/wingspan/rules/comment-page-73/#comment-117991
20260628		Common Myna	Copying a power places the other bird's power on \textbf{Common Myna} on your own player mat. If you copy a power that itself copies ``a power of a bird in the [grassland] of the player on your left'', you must still copy from another player's [grassland], not your own.	https://stonemaiergames.com/games/wingspan/rules/comment-page-81/#comment-161006
20250401		Food Web Expert	\textbf{Food Web Expert} counts only birds whose food cost is [invertebrate] and nothing else. A bird with any other food symbol in its cost, even as an alternative, counts for 0. The appendix reads: ``Count the number of birds that have [invertebrate] in their food cost and no other symbols.''	https://stonemaiergames.com/games/wingspan/rules/comment-page-74/#comment-119182
20250410		Hawfinch	When gaining food from the birdfeeder with \textbf{Hawfinch} or \textbf{European Honey Buzzard} after resetting it, dice showing the [invertebrate]/[seed] face count: \textbf{Hawfinch} may take the [seed] from such a die, and \textbf{European Honey Buzzard} gains the [invertebrate] from such a die along with all other [invertebrate] showing.	https://stonemaiergames.com/games/wingspan/wingspan-european-expansion/comment-page-12/#comment-120371
20250709		Crimson Chat	[nectar] may be discarded to pay the [wild] cost of \textbf{Crimson Chat}. The discarded [nectar] goes to the spent nectar area of your player mat.	https://stonemaiergames.com/games/wingspan/wingspan-oceania-expansion/comment-page-39/#comment-128470
20250709a		House Crow	[nectar] may be cached with \textbf{House Crow}. Cached [nectar] is placed on the bird, not in the spent nectar area of your player mat.	https://stonemaiergames.com/games/wingspan/wingspan-asia/comment-page-20/#comment-128472
20251006		North Island Brown Kiwi	If you choose to use \textbf{North Island Brown Kiwi}'s power, you must follow all of its instructions; you cannot skip discarding a bonus card and still draw bonus cards.	https://stonemaiergames.com/games/wingspan/rules/comment-page-76/#comment-134887
20251105		Western Screech-Owl	You may not reset the birdfeeder before using \textbf{Western Screech-Owl}'s power, even if it contains only one food type, because you are not gaining food from the birdfeeder.	https://stonemaiergames.com/games/wingspan/rules/comment-page-76/#comment-137155
20251108a		European Serin	\textbf{European Serin}'s power requires discarding all food tokens from your personal supply, not just all of one food type. You must have at least 1 food to activate it.	https://stonemaiergames.com/games/wingspan/rules/comment-page-77/#comment-137380
20251123		Tufted Puffin	When using \textbf{Tufted Puffin}, roll the same set of dice all three times; dice that roll [fish] are not removed from the pool between rolls.	https://stonemaiergames.com/games/wingspan/rules/comment-page-77/#comment-138353
20251202		Laughing Gull	``Resetting the birdfeeder'' means rerolling all the dice in the birdfeeder, however it comes about, so \textbf{Laughing Gull} also triggers (once between turns) on a reroll caused by all remaining dice showing the same face or only one die being left.	https://stonemaiergames.com/games/wingspan/rules/comment-page-77/#comment-138955
20251220		Laughing Gull	\textbf{Laughing Gull} triggers on any birdfeeder reset during another player's turn, regardless of cause -- e.g. if their ``gain food'' action empties the birdfeeder because you took the last die with \textbf{Australian Owlet-Nightjar}, that reset still activates it.	https://stonemaiergames.com/games/wingspan/rules/comment-page-77/#comment-140646
20251220		Australian Owlet-Nightjar	\textbf{Laughing Gull}'s power triggers whenever the birdfeeder is reset during another player's turn, regardless of which effect caused the reset. For example, if another player's ``gain food'' action empties the birdfeeder because you took the last die with \textbf{Australian Owlet-Nightjar}, the birdfeeder reset on their turn still activates \textbf{Laughing Gull}.	https://stonemaiergames.com/games/wingspan/rules/comment-page-77/#comment-140646
20260116		Bird Bander	Hummingbird cards are birds and count toward bonus cards in the ordinary way, including \textbf{Bird Bander}, \textbf{Ecologist}, \textbf{Ethologist}, \textbf{Passerine Specialist}, \textbf{Small Clutch Specialist}, and the Data Analyst and Ranger bonus cards.	https://stonemaiergames.com/games/wingspan/wingspan-americas-expansion/comment-page-7/#comment-143888
20260116		Passerine Specialist	Hummingbird cards are birds and count toward bonus cards in the ordinary way, including \textbf{Bird Bander}, \textbf{Ecologist}, \textbf{Ethologist}, \textbf{Passerine Specialist}, \textbf{Small Clutch Specialist}, and the Data Analyst and Ranger bonus cards.	https://stonemaiergames.com/games/wingspan/wingspan-americas-expansion/comment-page-7/#comment-143888
20260116		Small Clutch Specialist	Hummingbird cards are birds and count toward bonus cards in the ordinary way, including \textbf{Bird Bander}, \textbf{Ecologist}, \textbf{Ethologist}, \textbf{Passerine Specialist}, \textbf{Small Clutch Specialist}, and the Data Analyst and Ranger bonus cards.	https://stonemaiergames.com/games/wingspan/wingspan-americas-expansion/comment-page-7/#comment-143888
20260124		Yellow-Eyed Penguin	A bird played for free with \textbf{Yellow-Eyed Penguin} still triggers its ``when played'' power, but powers that refer to a paid cost have no effect: \textbf{Bonelli's Eagle} tucks no [card] when played for free.	https://stonemaiergames.com/games/wingspan/rules/comment-page-78/#comment-144893
20260728		Yellow-Eyed Penguin	A bird played using a ``game end'' (yellow) power such as \textbf{Yellow-Eyed Penguin} still gives you its ``when played'' (white) and ``game end'' (yellow) powers, even if the yellow power does not say so; \textbf{Gould's Finch} and \textbf{Grey-Headed Mannikin} state this only for extra clarity.	https://stonemaiergames.com/games/wingspan/rules/comment-page-82/#comment-164640
20260128		Ivory Gull	Food cached on \textbf{Ivory Gull} may only be spent on the cost of a bird power, never to play a bird -- including a bird played via another bird's power, such as \textbf{Tufted Titmouse}.	https://stonemaiergames.com/games/wingspan/rules/comment-page-78/#comment-145297
20260210		Ivory Gull	Food cached on \textbf{Ivory Gull} may be spent just like food in your personal supply whenever a bird power asks you to pay food to do something.	https://stonemaiergames.com/games/wingspan/rules/comment-page-79/#comment-147113
20260208		Great Kiskadee	\textbf{Great Kiskadee} and \textbf{Tropical Kingbird}: After moving with the action cube, continue activating birds only in the new habitat -- you do not activate the core action of the new habitat. For pink ``once between turns'' powers that trigger on another player taking a specific core action, the action taken is the one where the cube started, since the core action happens at the beginning of the turn.	https://stonemaiergames.com/games/wingspan/rules/comment-page-78/#comment-146910
20260208		Tropical Kingbird	\textbf{Great Kiskadee} and \textbf{Tropical Kingbird}: After moving with the action cube, continue activating birds only in the new habitat -- you do not activate the core action of the new habitat. For pink ``once between turns'' powers that trigger on another player taking a specific core action, the action taken is the one where the cube started, since the core action happens at the beginning of the turn.	https://stonemaiergames.com/games/wingspan/rules/comment-page-78/#comment-146910
20260206		Endangered Species Protector	\textbf{Rose-Ringed Parakeet} does not count toward the \textbf{Endangered Species Protector} bonus card even if it was used to copy a ``When Played'' power that scored or drew bonus cards. Only the abilities printed on the card matter during bonus scoring.	https://stonemaiergames.com/games/wingspan/wingspan-european-expansion/comment-page-13/#comment-146650
20260208a		Altamira Oriole	When this bird's power attracts a hummingbird, you activate that hummingbird card's benefit.	https://stonemaiergames.com/games/wingspan/rules/comment-page-78/#comment-146901
20260209		Great Eared Nightjar	\textbf{Great Eared Nightjar}'s power looks for the [forest] icon printed on the drawn bird cards. Any bird with a [forest] icon counts, even if it also has other habitat icons.	https://stonemaiergames.com/games/wingspan/rules/comment-page-79/#comment-147003
20260209a		Blue-and-Yellow Macaw	When \textbf{Blue-and-Yellow Macaw} attracts a hummingbird, it may be placed in any hummingbird slot, not only one in the [forest]. Card abilities that attract or return hummingbirds are not limited to the habitat the bird is in.	https://stonemaiergames.com/games/wingspan/rules/comment-page-79/#comment-147005
20260313		Rufous Hornero	The eggs placed by \textbf{Rufous Hornero} are placeholders: they do not count as eggs in your preserve for any other purpose, so they do not count toward end-of-round goals or end-of-game scoring. Those spaces are still empty for powers that count empty spaces.	https://stonemaiergames.com/games/wingspan/wingspan-americas-expansion/comment-page-13/#comment-150298
20260211		Rufous Hornero	An [egg] placed by this power can only help pay the egg cost of the bird played on top of it; it cannot be spent on a bird in another habitat or slot. If that bird needs no eggs (column 1), discard the egg.	https://stonemaiergames.com/games/wingspan/wingspan-americas-expansion/comment-page-10/#comment-147160
20260213		Muscovy Duck	This power only attracts hummingbirds; it does not let you return hummingbirds already on your player mat. You may attract only as many as you have open hummingbird spaces (1 or 2), and if all your hummingbird spaces are full you attract none. Nectar shown on an attracted hummingbird is gained as normal, even though this is a round end power.	https://stonemaiergames.com/games/wingspan/wingspan-americas-expansion/comment-page-11/#comment-147459
20260213a		Bat Falcon	Standard tucking rules apply to the hummingbird tucked behind this bird.	https://stonemaiergames.com/games/wingspan/wingspan-americas-expansion/comment-page-11/#comment-147458
20260214		Southern Lapwing	\textbf{Southern Lapwing}'s power is an independent choice ([egg] or [card]) for each empty slot in your [forest], so you may mix the two: with 5 empty slots you could lay 3 [egg] and draw 2 [card].	https://stonemaiergames.com/games/wingspan/wingspan-americas-expansion/comment-page-11/#comment-147551
20260217		California Scrub-Jay	\textbf{California Scrub-Jay}: ``Upgrading an action'' refers to the optional portion of the core action benefits printed on the player mat. Any time another player pays for and uses such an upgraded benefit -- including the choice between multiple upgrade options in a habitat, such as rerolling the birdfeeder or gaining an extra food -- it counts for this bird.	https://stonemaiergames.com/games/wingspan/rules/comment-page-79/#comment-147943
20260226		Titicaca Grebe	When using \textbf{Titicaca Grebe}'s power, the drawn bonus cards are looked at, not chosen blindly: you look at them and choose 1, then the next player looks at the remaining cards and chooses 1, and so on.	https://stonemaiergames.com/games/wingspan/wingspan-americas-expansion/comment-page-12/#comment-148732
20260305		Blue-Headed Parrot	If the card drawn with \textbf{Blue-Headed Parrot}'s power has both [seed] and [fruit] in its food cost, you still gain only 1 food token from the supply; choose which one.	https://stonemaiergames.com/games/wingspan/rules/comment-page-79/#comment-149523
20260510		Lineated Woodpecker	For powers that check which action types you used this round, such as \textbf{White Wagtail}, look at where each action cube ended up, as that is the game's way of remembering. A bird such as \textbf{Lineated Woodpecker} that moves with the action cube to another habitat therefore changes which action the cube records.	https://stonemaiergames.com/games/wingspan/rules/comment-page-80/#comment-156298
20260307		Lineated Woodpecker	After \textbf{Lineated Woodpecker} moves with the action cube and you continue your turn in the new habitat, you activate only the brown powers in the habitat where the cube now is; you do not activate the remaining powers of the habitat it left.	https://stonemaiergames.com/games/wingspan/wingspan-americas-expansion/comment-page-12/#comment-149777
20260324		Garden Warbler	With \textbf{Garden Warbler}, the additional bird is played first and completely, including its own ``when played'' power, and only then is 1 [egg] laid on both birds. If the additional bird is \textbf{Red Kite} (or a similar bird) played on top of \textbf{Garden Warbler}, turning \textbf{Garden Warbler} into a tucked card, the egg laying still takes place.	https://stonemaiergames.com/games/wingspan/rules/comment-page-80/#comment-151361
20260503		White-Faced Heron	These powers are literal and the ``may'' is a genuine choice: food you gain goes to your supply, and you may instead choose to cache any or all of it on this bird, where it scores 1 point at the end of the game instead of being available to spend.	https://stonemaiergames.com/games/wingspan/rules/comment-page-80/#comment-155493
20260604		Canada Jay	\textbf{Canada Jay}: you may cache 1 [wild] from your personal supply and then immediately gain 1 food of that same type from the general supply in the same activation.	https://stonemaiergames.com/games/wingspan/rules/comment-page-81/#comment-158954
20260713		Crested Oropendola	Hummingbird bonuses are only triggered when a hummingbird marker moves up the track, so moving a marker down with \textbf{Crested Oropendola} does not trigger the bonus of the space it lands on. To trigger a bonus again you must move down twice and then up at least once; an infinite loop is not possible.	https://stonemaiergames.com/games/wingspan/rules/comment-page-81/#comment-162654
20260712		Orinoco Goose	For \textbf{Orinoco Goose}, adjacent [star] nest birds count as [cavity] birds.	https://stonemaiergames.com/games/wingspan/rules/comment-page-82/#comment-162531
20260728		Dovekie	When a bird is played using a ``game end'' (yellow) power such as \textbf{Dovekie} or \textbf{Yellow-Eyed Penguin}, you still gain the benefits of its ``when played'' (white) and ``game end'' (yellow) powers, even if the yellow power does not say so. \textbf{Gould's Finch} and \textbf{Grey-Headed Mannikin} state this explicitly only for extra clarity.	https://stonemaiergames.com/games/wingspan/rules/comment-page-82/#comment-164640
20260731		Red-Legged Seriema	\textbf{Red-Legged Seriema}'s power looks at the birdfeeder after a single reset, checking simultaneously for [seed] and [rodent]. You may not claim some of those tokens and then reset the birdfeeder again to gain more.	https://stonemaiergames.com/games/wingspan/rules/comment-page-82/#comment-165106
20260812		Hummingbird Counter	Score 1 point for each [hummingbird] space on your hummingbird track that you have reached or exceeded.	https://stonemaiergames.com/games/wingspan/wingspan-americas-expansion/comment-page-14/#comment-167903
20260818		Red-Headed Woodpecker	``May'' creates a choice. On \textbf{Red-Headed Woodpecker}, you may decline to cache the [seed] and instead keep it as a normal food resource to spend later.	https://stonemaiergames.com/games/wingspan/rules/comment-page-83/#comment-168922
